0,0,2014-04-18 14:03,2014-04-18 18:13
1,1,2014-05-19 06:04,2014-05-19 20:56
2,2,2014-05-22 02:13,2014-05-22 16:07
3,3,2014-05-04 20:06,2014-05-04 20:56
4,4,2014-04-16 17:39,2014-04-17 05:04
5,5,2014-04-24 08:40,2014-04-24 22:12
6,6,2014-04-17 19:07,2014-04-18 01:07
7,7,2014-05-13 04:12,2014-05-13 22:55
8,8,2014-04-30 20:01,2014-05-01 08:52
9,9,2014-05-20 00:07,2014-05-20 15:56
10,10,2014-05-17 05:08,2014-05-17 23:44
11,11,2014-05-02 04:13,2014-05-02 11:03
12,12,2014-05-02 22:26,2014-05-03 14:15
13,13,2014-05-25 06:58,2014-05-25 15:42
14,14,2014-04-10 15:38,2014-04-10 20:22
15,15,2014-04-30 21:05,2014-05-01 07:29
16,16,2014-04-05 19:39,2014-04-06 05:22
17,17,2014-05-17 21:57,2014-05-18 02:35
18,18,2014-05-06 01:04,2014-05-06 17:00
19,19,2014-05-27 13:32,2014-05-27 17:21
20,20,2014-05-14 18:29,2014-05-15 05:02
21,21,2014-05-03 09:08,2014-05-03 19:20
22,22,2014-04-13 12:05,2014-04-14 01:58
23,23,2014-05-03 20:48,2014-05-04 05:22
24,24,2014-04-27 10:53,2014-04-28 01:29
25,25,2014-05-04 05:39,2014-05-04 18:55
26,26,2014-04-12 14:23,2014-04-13 04:14
27,27,2014-05-25 05:56,2014-05-25 19:49
28,28,2014-04-08 19:20,2014-04-09 03:07
29,29,2014-05-04 10:36,2014-05-04 20:58
30,30,2014-04-12 17:08,2014-04-13 06:34
31,31,2014-05-06 16:37,2014-05-07 07:36
32,32,2014-04-07 10:04,2014-04-07 11:58
33,33,2014-04-10 10:27,2014-04-10 22:53
34,34,2014-05-21 19:14,2014-05-22 04:19
35,35,2014-05-24 15:04,2014-05-25 01:31
36,36,2014-04-04 22:18,2014-04-05 13:08
37,37,2014-04-27 15:39,2014-04-27 19:23
38,38,2014-05-02 09:08,2014-05-02 15:39
39,39,2014-05-14 06:39,2014-05-15 00:02
40,40,2014-04-11 23:21,2014-04-12 10:58
41,41,2014-05-25 01:13,2014-05-25 07:53
42,42,2014-04-16 01:44,2014-04-16 10:53
43,43,2014-05-05 22:33,2014-05-06 01:36
44,44,2014-05-09 05:56,2014-05-09 22:35
45,45,2014-05-08 03:22,2014-05-08 13:47
46,46,2014-05-04 03:59,2014-05-04 10:02
47,47,2014-04-26 07:33,2014-04-26 15:07
48,48,2014-05-24 23:22,2014-05-25 05:14
49,49,2014-04-25 10:54,2014-04-25 22:35
50,50,2014-05-20 23:46,2014-05-21 13:33
51,51,2014-05-04 18:55,2014-05-05 01:57
52,52,2014-05-18 11:30,2014-05-18 15:05
53,53,2014-05-28 17:33,2014-05-29 03:02
54,54,2014-05-06 07:29,2014-05-06 14:48
55,55,2014-04-24 01:11,2014-04-24 17:58
56,56,2014-05-26 19:40,2014-05-27 12:09
57,57,2014-04-26 22:15,2014-04-27 09:58
58,58,2014-05-18 08:36,2014-05-18 16:46
59,59,2014-04-22 06:13,2014-04-22 14:37
60,60,2014-04-18 19:11,2014-04-19 13:05
61,61,2014-05-20 00:16,2014-05-20 10:51
62,62,2014-05-27 11:07,2014-05-27 15:55
63,63,2014-04-23 08:03,2014-04-23 18:03
64,64,2014-04-11 12:59,2014-04-12 03:21
65,65,2014-05-31 00:12,2014-05-31 17:22
66,66,2014-04-21 20:56,2014-04-22 02:56
67,67,2014-04-29 05:43,2014-04-29 21:48
68,68,2014-05-12 09:33,2014-05-12 17:42
69,69,2014-05-16 06:34,2014-05-16 16:24
70,70,2014-04-17 22:34,2014-04-18 16:31
71,71,2014-04-25 04:34,2014-04-25 22:18
72,72,2014-05-17 23:03,2014-05-18 05:52
73,73,2014-04-29 21:29,2014-04-30 06:18
74,74,2014-04-03 17:11,2014-04-04 13:39
75,75,2014-05-11 09:51,2014-05-11 17:36
76,76,2014-04-23 14:57,2014-04-23 21:22
77,77,2014-04-28 16:36,2014-04-29 01:31
78,78,2014-05-18 20:27,2014-05-19 12:18
79,79,2014-05-03 04:38,2014-05-03 10:13
80,80,2014-04-06 04:14,2014-04-06 11:08
81,81,2014-05-25 04:53,2014-05-25 05:21
82,82,2014-04-19 16:27,2014-04-20 04:49
83,83,2014-04-19 12:25,2014-04-20 05:12
84,84,2014-05-22 09:54,2014-05-22 14:06
85,85,2014-04-14 00:25,2014-04-14 10:54
86,86,2014-05-23 15:05,2014-05-24 07:47
87,87,2014-05-14 15:19,2014-05-15 07:11
88,88,2014-04-05 13:01,2014-04-05 21:55
89,89,2014-04-07 05:29,2014-04-07 15:21
90,90,2014-05-15 13:31,2014-05-15 21:22
91,91,2014-04-30 01:11,2014-04-30 02:58
92,92,2014-05-29 16:45,2014-05-30 04:44
93,93,2014-05-16 13:36,2014-05-16 23:44
94,94,2014-04-15 00:09,2014-04-15 13:00
95,95,2014-04-09 02:29,2014-04-09 18:17
96,96,2014-05-04 08:44,2014-05-04 15:14
97,97,2014-05-27 18:16,2014-05-27 20:55
98,98,2014-04-27 00:32,2014-04-27 15:44
99,99,2014-04-10 04:37,2014-04-10 17:17
100,100,2014-04-30 19:16,2014-04-30 23:34
101,101,2014-04-24 22:31,2014-04-25 12:20
102,102,2014-05-26 10:50,2014-05-26 23:04
103,103,2014-04-23 12:13,2014-04-24 02:30
104,104,2014-04-07 11:58,2014-04-08 00:28
105,105,2014-04-15 09:29,2014-04-15 18:58
106,106,2014-05-18 10:21,2014-05-18 13:24
107,107,2014-05-29 02:35,2014-05-29 11:07
108,108,2014-04-09 00:08,2014-04-09 09:24
109,109,2014-04-25 23:32,2014-04-26 01:53
110,110,2014-05-15 03:12,2014-05-15 02:19
111,111,2014-04-21 03:07,2014-04-21 18:48
112,112,2014-05-28 04:08,2014-05-28 11:52
113,113,2014-05-21 22:05,2014-05-21 22:02
114,114,2014-04-26 18:10,2014-04-26 18:06
115,115,2014-04-14 17:57,2014-04-15 06:42
116,116,2014-04-05 04:44,2014-04-05 22:26
117,117,2014-05-16 19:17,2014-05-16 21:29
118,118,2014-05-17 18:40,2014-05-18 15:14
119,119,2014-04-19 06:19,2014-04-19 09:36
120,120,2014-04-14 07:57,2014-04-14 20:25
121,121,2014-04-04 10:48,2014-04-04 20:59
122,122,2014-04-28 08:39,2014-04-28 10:15
123,123,2014-05-09 02:36,2014-05-09 13:56
124,124,2014-04-17 20:28,2014-04-18 15:19
125,125,2014-05-02 15:34,2014-05-02 15:35
126,126,2014-05-01 18:56,2014-05-01 20:58
127,127,2014-05-10 10:59,2014-05-10 21:21
128,128,2014-05-30 04:42,2014-05-30 12:58
129,129,2014-05-27 21:36,2014-05-28 14:27
130,130,2014-05-08 11:25,2014-05-08 21:49
131,131,2014-05-29 17:07,2014-05-29 20:55
132,132,2014-05-17 10:07,2014-05-17 15:34
133,133,2014-04-06 04:13,2014-04-06 11:00
134,134,2014-05-08 16:59,2014-05-08 22:01
135,135,2014-04-10 10:54,2014-04-10 22:35
136,136,2014-05-23 08:50,2014-05-23 13:20
137,137,2014-05-23 03:32,2014-05-23 09:44
138,138,2014-04-28 14:37,2014-04-29 05:13
139,139,2014-04-10 06:13,2014-04-10 07:00
140,140,2014-05-12 23:01,2014-05-13 00:43
141,141,2014-04-11 17:50,2014-04-12 08:52
142,142,2014-05-22 21:15,2014-05-23 11:27
143,143,2014-05-15 06:55,2014-05-15 17:01
144,144,2014-05-12 17:14,2014-05-12 22:55
145,145,2014-04-12 14:07,2014-04-12 16:59
146,146,2014-04-20 16:08,2014-04-20 15:45
147,147,2014-05-12 01:51,2014-05-12 08:27
148,148,2014-04-15 02:55,2014-04-15 06:29
149,149,2014-05-14 16:07,2014-05-15 01:52
150,150,2014-04-20 23:21,2014-04-21 07:13
151,151,2014-04-15 12:18,2014-04-16 05:00
152,152,2014-04-15 02:44,2014-04-15 11:27
153,153,2014-04-04 00:40,2014-04-04 01:46
154,154,2014-04-03 12:09,2014-04-04 04:38
155,155,2014-04-27 18:34,2014-04-28 04:48
156,156,2014-05-10 01:14,2014-05-10 07:45
157,157,2014-04-11 03:13,2014-04-11 19:14
158,158,2014-05-23 09:37,2014-05-23 17:47
159,159,2014-04-14 14:40,2014-04-14 19:52
160,160,2014-05-23 22:10,2014-05-24 12:10
161,161,2014-05-21 11:15,2014-05-21 12:13
162,162,2014-05-15 08:36,2014-05-15 11:37
163,163,2014-05-10 22:01,2014-05-11 04:41
164,164,2014-05-24 04:04,2014-05-24 09:53
165,165,2014-04-27 19:15,2014-04-28 03:14
166,166,2014-04-22 13:32,2014-04-23 03:53
167,167,2014-05-27 08:15,2014-05-27 22:51
168,168,2014-04-14 15:58,2014-04-15 06:41
169,169,2014-05-09 09:36,2014-05-09 16:40
170,170,2014-04-10 18:04,2014-04-10 22:19
171,171,2014-04-21 03:53,2014-04-21 10:17
172,172,2014-04-06 12:52,2014-04-06 17:12
173,173,2014-04-14 12:35,2014-04-14 20:14
174,174,2014-05-24 02:10,2014-05-24 19:11
175,175,2014-04-12 06:38,2014-04-12 16:41
176,176,2014-04-05 11:13,2014-04-05 21:10
177,177,2014-05-03 08:12,2014-05-03 15:03
178,178,2014-05-15 06:36,2014-05-15 22:38
179,179,2014-04-23 19:03,2014-04-24 00:28
180,180,2014-04-20 20:27,2014-04-20 23:27
181,181,2014-05-08 16:27,2014-05-09 09:27
182,182,2014-04-20 17:39,2014-04-21 07:52
183,183,2014-04-17 11:27,2014-04-17 17:01
184,184,2014-05-05 17:43,2014-05-06 09:00
185,185,2014-05-21 15:58,2014-05-22 03:55
186,186,2014-04-11 11:13,2014-04-12 04:41
187,187,2014-04-03 12:35,2014-04-04 01:23
188,188,2014-04-16 04:15,2014-04-16 15:59
189,189,2014-05-04 14:39,2014-05-04 18:43
190,190,2014-04-28 09:50,2014-04-28 11:30
191,191,2014-05-25 07:25,2014-05-25 21:54
192,192,2014-05-22 01:25,2014-05-22 03:25
193,193,2014-04-25 16:50,2014-04-26 07:51
194,194,2014-04-27 16:15,2014-04-27 17:09
195,195,2014-05-29 07:08,2014-05-29 11:35
196,196,2014-04-23 10:52,2014-04-24 03:04
197,197,2014-04-10 17:50,2014-04-11 01:01
198,198,2014-04-12 22:36,2014-04-13 08:03
199,199,2014-05-11 10:58,2014-05-11 13:14
200,200,2014-05-22 21:17,2014-05-23 11:49
201,201,2014-04-29 00:59,2014-04-29 06:46
202,202,2014-05-09 15:50,2014-05-10 00:51
203,203,2014-04-09 07:09,2014-04-09 18:55
204,204,2014-05-05 03:21,2014-05-05 14:40
205,205,2014-04-26 20:45,2014-04-27 12:18
206,206,2014-05-05 06:38,2014-05-05 11:31
207,207,2014-05-07 02:57,2014-05-07 04:18
208,208,2014-04-10 00:19,2014-04-10 07:24
209,209,2014-05-06 20:08,2014-05-07 10:04
210,210,2014-05-01 12:38,2014-05-02 04:50
211,211,2014-05-26 11:12,2014-05-26 15:07
212,212,2014-04-17 02:05,2014-04-17 09:33
213,213,2014-05-12 00:22,2014-05-12 05:09
214,214,2014-05-07 10:33,2014-05-07 17:19
215,215,2014-04-25 01:08,2014-04-25 13:22
216,216,2014-04-09 09:54,2014-04-09 10:21
217,217,2014-05-15 01:15,2014-05-15 02:39
218,218,2014-04-10 11:19,2014-04-10 23:01
219,219,2014-05-08 05:17,2014-05-08 16:09
220,220,2014-04-30 05:33,2014-04-30 20:14
221,221,2014-04-28 12:45,2014-04-28 17:26
222,222,2014-04-19 22:38,2014-04-20 08:50
223,223,2014-05-28 14:59,2014-05-29 07:38
224,224,2014-05-18 20:58,2014-05-19 03:02
225,225,2014-05-17 05:45,2014-05-17 16:13
226,226,2014-05-22 06:57,2014-05-22 16:13
227,227,2014-04-17 02:06,2014-04-17 05:52
228,228,2014-05-05 08:19,2014-05-05 13:20
229,229,2014-05-07 23:46,2014-05-08 04:25
230,230,2014-04-08 05:08,2014-04-08 20:47
231,231,2014-05-04 03:40,2014-05-04 20:06
232,232,2014-05-16 02:52,2014-05-16 06:35
233,233,2014-05-28 14:57,2014-05-29 08:10
234,234,2014-04-10 11:06,2014-04-11 01:39
235,235,2014-05-20 14:36,2014-05-21 07:16
236,236,2014-05-19 14:46,2014-05-20 02:06
237,237,2014-04-05 09:17,2014-04-06 03:17
238,238,2014-04-04 12:23,2014-04-04 18:43
239,239,2014-05-12 11:23,2014-05-13 02:56
240,240,2014-05-11 16:21,2014-05-12 05:37
241,241,2014-05-12 04:45,2014-05-12 09:30
242,242,2014-05-10 18:22,2014-05-10 23:18
243,243,2014-04-26 05:28,2014-04-26 19:29
244,244,2014-04-14 01:09,2014-04-14 11:24
245,245,2014-04-06 04:03,2014-04-06 20:23
246,246,2014-05-29 06:29,2014-05-29 14:07
247,247,2014-05-06 23:15,2014-05-07 12:38
248,248,2014-05-24 10:19,2014-05-24 13:49
249,249,2014-05-17 09:43,2014-05-17 19:18
250,250,2014-04-09 17:50,2014-04-10 08:00
251,251,2014-05-16 13:16,2014-05-17 02:09
252,252,2014-04-17 02:55,2014-04-17 04:53
253,253,2014-04-02 07:29,2014-04-02 19:05
254,254,2014-04-04 19:34,2014-04-05 06:47
255,255,2014-04-02 12:49,2014-04-03 07:07
256,256,2014-04-06 12:19,2014-04-06 19:31
257,257,2014-04-26 06:57,2014-04-26 18:09
258,258,2014-04-19 02:23,2014-04-19 05:29
259,259,2014-04-14 10:18,2014-04-14 10:17
260,260,2014-05-25 11:14,2014-05-25 20:45
261,261,2014-05-22 19:24,2014-05-23 03:01
262,262,2014-05-22 15:50,2014-05-22 23:37
263,263,2014-04-16 15:27,2014-04-17 07:50
264,264,2014-05-12 21:08,2014-05-13 05:12
265,265,2014-05-23 04:43,2014-05-23 06:09
266,266,2014-05-21 19:49,2014-05-21 21:14
267,267,2014-04-20 08:01,2014-04-20 17:34
268,268,2014-05-08 05:40,2014-05-08 18:36
269,269,2014-05-22 03:24,2014-05-22 11:41
270,270,2014-04-09 09:44,2014-04-09 16:28
271,271,2014-05-01 15:04,2014-05-01 17:51
272,272,2014-05-18 15:49,2014-05-18 23:36
273,273,2014-05-07 21:07,2014-05-08 07:52
274,274,2014-04-08 02:26,2014-04-08 10:02
275,275,2014-05-28 21:46,2014-05-29 04:43
276,276,2014-04-03 09:18,2014-04-03 18:25
277,277,2014-04-28 04:08,2014-04-28 20:05
278,278,2014-05-24 15:42,2014-05-25 02:56
279,279,2014-05-05 04:57,2014-05-05 15:21
280,280,2014-04-02 00:21,2014-04-02 12:55
281,281,2014-04-03 04:20,2014-04-03 14:00
282,282,2014-04-28 13:07,2014-04-29 03:09
283,283,2014-05-09 04:35,2014-05-09 11:33
284,284,2014-04-15 04:10,2014-04-15 16:19
285,285,2014-05-31 08:08,2014-05-31 18:20
286,286,2014-05-20 15:38,2014-05-20 21:00
287,287,2014-04-03 17:51,2014-04-04 05:48
288,288,2014-04-09 19:31,2014-04-10 03:36
289,289,2014-04-29 20:25,2014-04-30 16:15
290,290,2014-04-30 22:49,2014-05-01 05:19
291,291,2014-05-14 20:35,2014-05-15 06:14
292,292,2014-05-24 22:49,2014-05-25 07:00
293,293,2014-04-26 04:53,2014-04-26 21:02
294,294,2014-05-07 12:41,2014-05-08 00:13
295,295,2014-04-01 20:00,2014-04-02 09:50
296,296,2014-05-06 15:26,2014-05-06 20:25
297,297,2014-05-27 02:59,2014-05-27 14:42
298,298,2014-05-03 00:06,2014-05-03 18:13
299,299,2014-04-20 13:10,2014-04-20 23:37
300,300,2014-04-06 11:43,2014-04-07 08:06
301,301,2014-04-30 17:09,2014-04-30 20:55
302,302,2014-05-19 22:47,2014-05-20 14:46
303,303,2014-04-05 08:45,2014-04-05 16:07
304,304,2014-05-23 01:37,2014-05-23 11:52
305,305,2014-05-20 15:53,2014-05-20 19:05
306,306,2014-04-20 02:58,2014-04-20 21:29
307,307,2014-04-21 06:53,2014-04-22 01:59
308,308,2014-05-25 01:32,2014-05-25 10:41
309,309,2014-04-10 15:44,2014-04-10 18:13
310,310,2014-05-24 04:01,2014-05-24 07:17
311,311,2014-05-29 23:09,2014-05-30 14:59
312,312,2014-04-05 00:22,2014-04-05 14:42
313,313,2014-05-30 08:38,2014-05-30 13:27
314,314,2014-05-10 18:46,2014-05-11 13:30
315,315,2014-05-26 18:30,2014-05-27 07:29
316,316,2014-05-16 18:45,2014-05-17 00:44
317,317,2014-05-24 15:41,2014-05-24 18:15
318,318,2014-04-18 08:46,2014-04-18 22:27
319,319,2014-05-24 20:59,2014-05-24 22:30
320,320,2014-04-17 06:18,2014-04-17 09:07
321,321,2014-05-29 22:10,2014-05-30 12:15
322,322,2014-05-12 06:04,2014-05-12 19:12
323,323,2014-04-30 22:39,2014-05-01 05:43
324,324,2014-04-26 06:58,2014-04-26 07:54
325,325,2014-04-06 05:59,2014-04-06 11:37
326,326,2014-04-19 07:15,2014-04-19 15:48
327,327,2014-04-12 05:44,2014-04-12 13:11
328,328,2014-04-14 12:27,2014-04-14 15:50
329,329,2014-05-28 21:15,2014-05-29 12:41
330,330,2014-04-03 12:40,2014-04-04 01:16
331,331,2014-04-22 21:52,2014-04-23 12:01
332,332,2014-04-21 04:35,2014-04-21 12:19
333,333,2014-04-07 10:54,2014-04-07 21:00
334,334,2014-05-15 12:41,2014-05-15 23:55
335,335,2014-04-12 20:39,2014-04-12 21:16
336,336,2014-04-23 14:55,2014-04-24 06:08
337,337,2014-05-01 01:29,2014-05-01 06:31
338,338,2014-05-25 10:31,2014-05-25 18:21
339,339,2014-04-09 03:35,2014-04-09 03:12
340,340,2014-04-01 16:47,2014-04-01 21:36
341,341,2014-04-16 13:25,2014-04-16 16:37
342,342,2014-04-11 10:49,2014-04-12 04:11
343,343,2014-05-18 01:51,2014-05-18 14:27
344,344,2014-05-08 07:47,2014-05-08 06:03
345,345,2014-05-14 23:53,2014-05-15 09:50
346,346,2014-04-22 01:56,2014-04-22 09:23
347,347,2014-05-09 16:57,2014-05-10 04:00
348,348,2014-05-18 09:25,2014-05-18 19:37
349,349,2014-04-30 12:21,2014-04-30 14:46
350,350,2014-05-12 14:32,2014-05-13 06:49
351,351,2014-05-30 07:34,2014-05-30 13:57
352,352,2014-04-26 05:02,2014-04-26 16:06
353,353,2014-04-24 08:11,2014-04-25 02:18
354,354,2014-04-09 14:21,2014-04-09 21:05
355,355,2014-04-24 23:53,2014-04-25 12:39
356,356,2014-05-17 21:51,2014-05-18 14:50
357,357,2014-04-24 12:17,2014-04-24 20:58
358,358,2014-04-16 14:01,2014-04-17 04:36
359,359,2014-05-17 14:02,2014-05-18 00:59
360,360,2014-05-31 05:32,2014-05-31 11:56
361,361,2014-05-02 01:07,2014-05-02 17:17
362,362,2014-05-08 03:32,2014-05-08 16:02
363,363,2014-05-06 21:45,2014-05-07 09:25
364,364,2014-05-20 05:05,2014-05-20 13:19
365,365,2014-04-18 14:32,2014-04-18 21:41
366,366,2014-05-22 20:54,2014-05-23 07:34
367,367,2014-04-12 06:55,2014-04-12 14:39
368,368,2014-05-16 14:41,2014-05-16 17:19
369,369,2014-05-05 21:01,2014-05-05 20:53
370,370,2014-05-02 22:45,2014-05-03 01:35
371,371,2014-05-01 10:57,2014-05-01 14:11
372,372,2014-05-26 20:17,2014-05-26 23:15
373,373,2014-05-17 06:31,2014-05-17 10:17
374,374,2014-04-22 16:49,2014-04-23 00:12
375,375,2014-05-18 13:06,2014-05-18 18:00
376,376,2014-04-19 08:27,2014-04-19 13:30
377,377,2014-04-17 03:10,2014-04-17 19:26
378,378,2014-04-01 21:03,2014-04-02 10:09
379,379,2014-04-20 05:18,2014-04-20 22:16
380,380,2014-04-27 03:23,2014-04-27 09:09
381,381,2014-04-08 18:01,2014-04-08 23:17
382,382,2014-04-26 12:59,2014-04-26 22:58
383,383,2014-05-08 14:58,2014-05-09 06:34
384,384,2014-04-05 07:37,2014-04-05 16:53
385,385,2014-05-11 01:06,2014-05-11 18:30
386,386,2014-04-23 19:18,2014-04-23 21:33
387,387,2014-05-06 21:24,2014-05-07 00:31
388,388,2014-04-05 10:03,2014-04-05 14:35
389,389,2014-04-20 04:37,2014-04-20 14:48
390,390,2014-05-28 13:53,2014-05-29 06:37
391,391,2014-04-23 15:08,2014-04-24 09:45
392,392,2014-05-13 04:43,2014-05-14 01:22
393,393,2014-04-18 17:18,2014-04-18 20:47
394,394,2014-04-14 09:06,2014-04-14 21:51
395,395,2014-04-06 12:59,2014-04-07 02:50
396,396,2014-05-08 14:03,2014-05-08 18:55
397,397,2014-05-05 20:09,2014-05-06 00:46
398,398,2014-04-23 21:14,2014-04-24 08:40
399,399,2014-05-21 23:56,2014-05-22 15:49
400,400,2014-04-18 21:25,2014-04-19 11:41
401,401,2014-05-15 19:22,2014-05-16 09:48
402,402,2014-04-23 10:56,2014-04-23 14:09
403,403,2014-04-24 21:17,2014-04-25 01:32
404,404,2014-05-13 09:38,2014-05-13 21:01
405,405,2014-04-28 14:48,2014-04-29 07:37
406,406,2014-04-23 06:04,2014-04-23 11:11
407,407,2014-05-06 20:56,2014-05-07 08:18
408,408,2014-04-07 22:04,2014-04-08 00:28
409,409,2014-05-29 12:48,2014-05-29 23:09
410,410,2014-04-27 02:30,2014-04-27 02:44
411,411,2014-04-08 02:18,2014-04-08 18:49
412,412,2014-04-25 10:18,2014-04-25 23:47
413,413,2014-04-09 07:51,2014-04-09 18:01
414,414,2014-05-13 00:14,2014-05-13 11:44
415,415,2014-04-06 15:17,2014-04-06 19:42
416,416,2014-05-11 10:35,2014-05-11 10:29
417,417,2014-04-14 23:04,2014-04-15 04:30
418,418,2014-05-18 10:54,2014-05-19 07:21
419,419,2014-05-24 01:56,2014-05-24 11:07
420,420,2014-05-20 13:13,2014-05-21 01:00
421,421,2014-04-08 23:14,2014-04-09 10:24
422,422,2014-05-02 19:12,2014-05-03 08:31
423,423,2014-05-05 20:24,2014-05-06 08:03
424,424,2014-04-16 06:59,2014-04-16 20:03
425,425,2014-05-16 23:54,2014-05-17 02:49
426,426,2014-04-11 21:54,2014-04-12 12:01
427,427,2014-05-12 06:21,2014-05-12 15:30
428,428,2014-04-09 21:55,2014-04-10 15:14
429,429,2014-04-11 23:05,2014-04-12 05:34
430,430,2014-05-02 06:46,2014-05-02 07:57
431,431,2014-05-25 05:44,2014-05-25 17:18
432,432,2014-05-14 15:51,2014-05-15 01:01
433,433,2014-05-12 09:50,2014-05-12 21:45
434,434,2014-04-15 13:46,2014-04-16 06:14
435,435,2014-05-29 15:18,2014-05-29 19:18
436,436,2014-05-30 11:16,2014-05-31 01:07
437,437,2014-05-23 22:05,2014-05-24 15:34
438,438,2014-04-25 02:22,2014-04-25 02:24
439,439,2014-04-19 17:27,2014-04-19 23:24
440,440,2014-05-21 19:44,2014-05-22 04:36
441,441,2014-05-03 12:30,2014-05-04 03:02
442,442,2014-05-22 23:08,2014-05-23 03:43
443,443,2014-04-05 19:13,2014-04-06 11:29
444,444,2014-04-02 05:02,2014-04-02 13:16
445,445,2014-05-25 17:59,2014-05-26 06:30
446,446,2014-04-18 15:04,2014-04-19 09:05
447,447,2014-04-16 12:12,2014-04-17 02:54
448,448,2014-05-25 04:15,2014-05-25 20:49
449,449,2014-05-10 02:38,2014-05-10 04:48
450,450,2014-04-16 09:49,2014-04-16 22:37
451,451,2014-05-29 16:26,2014-05-29 21:30
452,452,2014-04-22 16:12,2014-04-23 07:45
453,453,2014-04-13 15:25,2014-04-14 06:31
454,454,2014-05-09 11:00,2014-05-09 18:56
455,455,2014-05-26 20:07,2014-05-26 23:33
456,456,2014-05-01 02:17,2014-05-01 07:28
457,457,2014-04-15 08:24,2014-04-15 15:21
458,458,2014-05-23 21:45,2014-05-24 17:03
459,459,2014-05-02 03:27,2014-05-02 18:51
460,460,2014-04-13 16:14,2014-04-13 22:59
461,461,2014-05-12 02:15,2014-05-12 11:33
462,462,2014-04-10 17:08,2014-04-11 04:34
463,463,2014-05-09 10:52,2014-05-09 22:06
464,464,2014-05-23 16:52,2014-05-24 02:07
465,465,2014-05-25 13:24,2014-05-26 01:31
466,466,2014-05-06 22:12,2014-05-07 12:49
467,467,2014-04-19 00:37,2014-04-19 09:28
468,468,2014-04-21 01:58,2014-04-21 07:08
469,469,2014-05-12 16:25,2014-05-13 04:47
470,470,2014-04-03 07:33,2014-04-03 21:39
471,471,2014-05-11 07:48,2014-05-11 09:49
472,472,2014-04-18 03:20,2014-04-18 05:06
473,473,2014-04-22 17:26,2014-04-23 12:42
474,474,2014-05-07 18:04,2014-05-08 00:54
475,475,2014-04-03 13:09,2014-04-03 15:08
476,476,2014-04-18 18:34,2014-04-19 11:36
477,477,2014-04-09 23:10,2014-04-10 10:49
478,478,2014-05-02 01:31,2014-05-02 03:13
479,479,2014-05-08 14:26,2014-05-08 23:38
480,480,2014-05-24 04:14,2014-05-24 07:27
481,481,2014-04-07 00:40,2014-04-07 17:55
482,482,2014-05-20 12:12,2014-05-21 04:06
483,483,2014-05-12 01:13,2014-05-12 14:51
484,484,2014-04-09 19:17,2014-04-10 08:47
485,485,2014-05-11 13:16,2014-05-11 16:55
486,486,2014-05-20 21:29,2014-05-21 09:40
487,487,2014-04-04 07:27,2014-04-04 21:06
488,488,2014-05-06 18:40,2014-05-07 12:35
489,489,2014-05-04 14:25,2014-05-05 05:39
490,490,2014-04-18 20:26,2014-04-19 12:13
491,491,2014-05-05 09:11,2014-05-05 18:38
492,492,2014-04-06 09:34,2014-04-06 12:17
493,493,2014-04-26 05:11,2014-04-26 07:47
494,494,2014-04-23 10:10,2014-04-23 14:04
495,495,2014-05-27 15:06,2014-05-27 18:32
496,496,2014-04-26 16:07,2014-04-27 13:00
497,497,2014-05-02 14:26,2014-05-02 21:35
498,498,2014-05-28 23:26,2014-05-29 04:13
499,499,2014-04-26 15:12,2014-04-27 07:01
500,500,2014-04-24 09:56,2014-04-25 03:45
501,501,2014-05-19 14:44,2014-05-19 22:43
502,502,2014-05-21 05:50,2014-05-21 22:38
503,503,2014-05-30 00:29,2014-05-30 15:25
504,504,2014-05-26 00:16,2014-05-26 01:40
505,505,2014-05-09 20:01,2014-05-09 21:29
506,506,2014-04-05 23:53,2014-04-06 03:12
507,507,2014-05-18 02:21,2014-05-18 04:29
508,508,2014-04-13 20:22,2014-04-14 11:53
509,509,2014-05-11 11:53,2014-05-11 15:00
510,510,2014-04-15 13:46,2014-04-15 22:38
511,511,2014-04-16 11:11,2014-04-16 18:17
512,512,2014-04-25 12:15,2014-04-25 14:40
513,513,2014-05-26 14:05,2014-05-26 16:33
514,514,2014-05-02 00:34,2014-05-02 04:32
515,515,2014-05-18 17:38,2014-05-19 03:26
516,516,2014-05-09 05:01,2014-05-09 13:34
517,517,2014-05-06 16:03,2014-05-06 23:24
518,518,2014-04-17 12:08,2014-04-18 04:14
519,519,2014-05-24 10:03,2014-05-24 14:02
520,520,2014-05-24 11:07,2014-05-24 20:34
521,521,2014-05-16 19:20,2014-05-16 20:09
522,522,2014-04-25 05:58,2014-04-25 19:04
523,523,2014-04-12 18:07,2014-04-13 00:12
524,524,2014-05-17 22:08,2014-05-18 04:49
525,525,2014-04-02 13:09,2014-04-03 09:32
526,526,2014-04-22 17:47,2014-04-23 01:25
527,527,2014-04-22 09:35,2014-04-23 02:36
528,528,2014-04-30 05:43,2014-04-30 19:24
529,529,2014-04-20 09:08,2014-04-20 15:53
530,530,2014-05-27 20:03,2014-05-28 03:01
531,531,2014-05-12 10:30,2014-05-12 10:11
532,532,2014-04-19 05:11,2014-04-19 12:25
533,533,2014-04-23 19:19,2014-04-24 11:10
534,534,2014-05-26 14:22,2014-05-26 16:54
535,535,2014-04-20 10:07,2014-04-20 15:14
536,536,2014-05-09 18:44,2014-05-10 05:04
537,537,2014-04-02 16:40,2014-04-03 04:57
538,538,2014-05-16 16:34,2014-05-16 22:19
539,539,2014-04-23 04:20,2014-04-23 09:59
540,540,2014-05-30 04:13,2014-05-30 11:27
541,541,2014-05-04 23:54,2014-05-05 06:01
542,542,2014-05-03 01:00,2014-05-03 14:42
543,543,2014-05-28 00:35,2014-05-28 02:08
544,544,2014-05-23 00:36,2014-05-23 14:24
545,545,2014-05-23 08:25,2014-05-23 15:15
546,546,2014-04-08 09:25,2014-04-08 14:57
547,547,2014-05-28 11:18,2014-05-28 20:05
548,548,2014-05-04 13:22,2014-05-04 17:52
549,549,2014-04-17 11:10,2014-04-17 16:57
550,550,2014-04-05 05:18,2014-04-05 07:50
551,551,2014-04-10 15:14,2014-04-11 05:07
552,552,2014-05-09 06:44,2014-05-09 12:34
553,553,2014-04-16 09:20,2014-04-16 12:01
554,554,2014-05-22 23:39,2014-05-23 16:51
555,555,2014-05-17 11:04,2014-05-17 19:02
556,556,2014-05-17 17:39,2014-05-17 21:19
557,557,2014-04-18 17:56,2014-04-19 04:05
558,558,2014-04-02 14:34,2014-04-02 15:33
559,559,2014-04-22 18:57,2014-04-23 11:35
560,560,2014-05-19 10:56,2014-05-19 13:33
561,561,2014-04-14 20:13,2014-04-15 09:22
562,562,2014-05-16 03:25,2014-05-16 10:22
563,563,2014-05-05 17:06,2014-05-06 03:27
564,564,2014-04-19 20:18,2014-04-20 12:52
565,565,2014-04-25 01:31,2014-04-25 09:27
566,566,2014-04-05 11:25,2014-04-05 17:56
567,567,2014-04-11 21:13,2014-04-12 04:42
568,568,2014-04-26 02:20,2014-04-26 20:37
569,569,2014-05-27 11:50,2014-05-27 23:03
570,570,2014-04-20 16:37,2014-04-21 01:37
571,571,2014-04-16 08:45,2014-04-17 02:13
572,572,2014-04-18 16:34,2014-04-19 10:28
573,573,2014-04-18 19:08,2014-04-19 12:14
574,574,2014-04-21 16:03,2014-04-22 09:42
575,575,2014-04-03 23:00,2014-04-04 00:55
576,576,2014-04-14 02:54,2014-04-14 20:00
577,577,2014-04-05 05:47,2014-04-05 16:38
578,578,2014-04-23 13:15,2014-04-24 07:18
579,579,2014-05-01 07:28,2014-05-01 13:50
580,580,2014-04-27 01:16,2014-04-27 08:59
581,581,2014-05-07 19:38,2014-05-08 01:08
582,582,2014-05-13 12:20,2014-05-14 01:29
583,583,2014-04-06 17:06,2014-04-07 06:23
584,584,2014-04-22 07:13,2014-04-22 16:20
585,585,2014-04-27 09:19,2014-04-28 01:31
586,586,2014-04-15 13:18,2014-04-15 13:49
587,587,2014-05-25 01:41,2014-05-25 16:47
588,588,2014-04-22 21:17,2014-04-23 10:45
589,589,2014-04-20 21:33,2014-04-21 06:01
590,590,2014-04-11 20:04,2014-04-12 03:26
591,591,2014-05-05 20:11,2014-05-06 01:23
592,592,2014-04-27 13:43,2014-04-28 08:09
593,593,2014-05-01 23:09,2014-05-02 09:05
594,594,2014-05-02 09:27,2014-05-02 16:10
595,595,2014-05-13 01:14,2014-05-13 19:13
596,596,2014-04-19 05:53,2014-04-19 04:52
597,597,2014-04-25 11:58,2014-04-25 14:34
598,598,2014-04-02 15:00,2014-04-03 01:15
599,599,2014-05-02 07:55,2014-05-02 10:34
600,600,2014-04-29 20:01,2014-04-29 21:24
601,601,2014-04-11 05:54,2014-04-11 16:36
602,602,2014-04-04 06:27,2014-04-04 07:01
603,603,2014-04-29 11:25,2014-04-29 17:58
604,604,2014-05-21 07:22,2014-05-21 19:53
605,605,2014-04-22 02:41,2014-04-22 10:13
606,606,2014-04-28 06:41,2014-04-28 23:48
607,607,2014-05-28 12:49,2014-05-29 02:03
608,608,2014-05-16 01:18,2014-05-16 03:37
609,609,2014-04-27 06:07,2014-04-27 14:13
610,610,2014-04-29 06:42,2014-04-29 14:49
611,611,2014-05-25 17:14,2014-05-25 23:08
612,612,2014-04-04 16:33,2014-04-05 00:42
613,613,2014-04-12 13:16,2014-04-13 04:01
614,614,2014-05-29 11:17,2014-05-29 12:05
615,615,2014-05-16 01:06,2014-05-16 02:46
616,616,2014-05-22 17:44,2014-05-22 22:44
617,617,2014-04-17 12:45,2014-04-17 18:09
618,618,2014-04-08 11:46,2014-04-08 22:49
619,619,2014-04-02 18:00,2014-04-03 03:19
620,620,2014-04-23 12:55,2014-04-24 02:06
621,621,2014-04-05 17:33,2014-04-05 20:38
622,622,2014-05-15 03:15,2014-05-15 07:28
623,623,2014-05-01 22:52,2014-05-02 13:57
624,624,2014-04-08 22:42,2014-04-09 09:12
625,625,2014-05-11 19:34,2014-05-11 23:46
626,626,2014-04-23 10:56,2014-04-23 09:46
627,627,2014-04-21 00:45,2014-04-21 05:17
628,628,2014-04-01 22:15,2014-04-02 16:46
629,629,2014-04-23 23:58,2014-04-24 14:54
630,630,2014-04-10 20:53,2014-04-11 07:00
631,631,2014-04-16 20:12,2014-04-17 00:14
632,632,2014-04-25 07:24,2014-04-25 13:09
633,633,2014-04-20 04:49,2014-04-20 09:54
634,634,2014-05-06 06:01,2014-05-06 17:53
635,635,2014-04-16 22:57,2014-04-17 11:51
636,636,2014-04-21 07:30,2014-04-21 12:36
637,637,2014-04-12 19:24,2014-04-12 21:17
638,638,2014-05-30 06:41,2014-05-30 18:50
639,639,2014-05-26 00:34,2014-05-26 09:36
640,640,2014-05-18 12:16,2014-05-18 14:07
641,641,2014-05-19 12:21,2014-05-19 17:29
642,642,2014-04-07 00:31,2014-04-07 03:41
643,643,2014-04-11 17:02,2014-04-12 01:36
644,644,2014-04-25 12:29,2014-04-25 12:05
645,645,2014-05-04 02:28,2014-05-04 18:32
646,646,2014-05-04 22:04,2014-05-05 15:01
647,647,2014-05-06 18:31,2014-05-07 09:35
648,648,2014-05-01 12:51,2014-05-01 17:38
649,649,2014-05-18 21:35,2014-05-19 16:08
650,650,2014-04-27 01:23,2014-04-27 13:59
651,651,2014-05-23 03:06,2014-05-23 15:06
652,652,2014-05-26 01:41,2014-05-26 15:14
653,653,2014-05-15 07:30,2014-05-15 22:46
654,654,2014-04-05 17:14,2014-04-05 22:33
655,655,2014-05-05 09:02,2014-05-05 15:28
656,656,2014-05-02 18:40,2014-05-02 22:09
657,657,2014-04-05 11:32,2014-04-06 03:35
658,658,2014-05-01 08:49,2014-05-01 14:12
659,659,2014-04-07 18:37,2014-04-08 08:30
660,660,2014-05-24 15:41,2014-05-25 04:51
661,661,2014-05-30 15:03,2014-05-31 04:42
662,662,2014-05-02 07:36,2014-05-02 12:07
663,663,2014-04-08 10:55,2014-04-08 13:35
664,664,2014-04-18 11:39,2014-04-19 04:20
665,665,2014-04-06 16:15,2014-04-06 17:03
666,666,2014-04-11 20:21,2014-04-11 21:34
667,667,2014-04-17 22:44,2014-04-18 12:54
668,668,2014-04-02 22:51,2014-04-03 19:27
669,669,2014-05-17 06:12,2014-05-17 06:17
670,670,2014-04-05 23:13,2014-04-06 11:14
671,671,2014-04-28 04:09,2014-04-28 10:15
672,672,2014-04-02 02:03,2014-04-02 11:29
673,673,2014-04-25 21:46,2014-04-26 04:53
674,674,2014-05-22 03:24,2014-05-22 14:21
675,675,2014-05-15 19:32,2014-05-16 11:21
676,676,2014-05-27 12:17,2014-05-27 16:55
677,677,2014-04-13 07:41,2014-04-13 10:12
678,678,2014-04-18 08:27,2014-04-18 13:08
679,679,2014-05-25 07:15,2014-05-25 23:10
680,680,2014-05-08 20:36,2014-05-09 11:04
681,681,2014-04-06 09:01,2014-04-06 10:55
682,682,2014-04-19 16:26,2014-04-20 07:06
683,683,2014-04-15 12:26,2014-04-15 15:42
684,684,2014-04-14 10:43,2014-04-14 14:31
685,685,2014-05-22 23:53,2014-05-23 05:02
686,686,2014-04-23 09:20,2014-04-23 08:22
687,687,2014-05-02 05:40,2014-05-02 09:13
688,688,2014-04-29 01:49,2014-04-29 18:16
689,689,2014-04-13 03:50,2014-04-13 04:54
690,690,2014-04-28 08:30,2014-04-28 10:09
691,691,2014-04-02 17:30,2014-04-03 06:15
692,692,2014-05-20 16:25,2014-05-21 08:38
693,693,2014-04-02 03:04,2014-04-02 21:51
694,694,2014-05-15 01:54,2014-05-15 06:15
695,695,2014-05-30 06:16,2014-05-30 11:20
696,696,2014-05-29 03:32,2014-05-29 11:12
697,697,2014-04-06 21:58,2014-04-07 06:09
698,698,2014-05-25 19:23,2014-05-25 23:12
699,699,2014-04-06 06:18,2014-04-06 21:32
700,700,2014-05-08 21:56,2014-05-09 06:16
701,701,2014-04-09 21:34,2014-04-10 12:18
702,702,2014-05-29 03:35,2014-05-29 10:47
703,703,2014-04-08 14:48,2014-04-08 20:36
704,704,2014-04-11 10:24,2014-04-11 15:12
705,705,2014-04-30 11:05,2014-05-01 04:16
706,706,2014-05-08 00:53,2014-05-08 01:43
707,707,2014-05-23 14:11,2014-05-24 04:27
708,708,2014-05-28 13:55,2014-05-28 17:02
709,709,2014-05-24 19:16,2014-05-25 01:50
710,710,2014-04-25 00:11,2014-04-25 08:48
711,711,2014-04-02 12:10,2014-04-03 03:15
712,712,2014-05-03 20:05,2014-05-03 21:53
713,713,2014-04-27 11:22,2014-04-27 23:56
714,714,2014-05-25 04:10,2014-05-25 22:31
715,715,2014-05-08 00:04,2014-05-08 15:12
716,716,2014-05-18 23:14,2014-05-19 16:17
717,717,2014-05-07 12:12,2014-05-08 06:14
718,718,2014-04-08 15:46,2014-04-09 10:57
719,719,2014-04-20 12:22,2014-04-20 22:54
720,720,2014-05-14 07:58,2014-05-15 00:43
721,721,2014-04-27 21:59,2014-04-28 09:43
722,722,2014-05-26 20:30,2014-05-27 03:26
723,723,2014-04-08 02:53,2014-04-08 16:44
724,724,2014-05-18 22:52,2014-05-19 13:47
725,725,2014-04-18 00:41,2014-04-18 16:09
726,726,2014-04-04 17:30,2014-04-05 07:22
727,727,2014-05-16 08:58,2014-05-16 16:01
728,728,2014-04-23 10:50,2014-04-23 21:57
729,729,2014-05-04 11:53,2014-05-05 02:18
730,730,2014-05-07 04:41,2014-05-07 10:28
731,731,2014-05-08 09:31,2014-05-09 00:34
732,732,2014-05-31 09:35,2014-05-31 15:22
733,733,2014-05-30 14:41,2014-05-30 19:38
734,734,2014-05-30 16:23,2014-05-30 19:45
735,735,2014-05-06 16:04,2014-05-06 18:30
736,736,2014-04-18 02:30,2014-04-18 04:10
737,737,2014-05-29 23:37,2014-05-30 16:34
738,738,2014-04-26 11:37,2014-04-26 15:53
739,739,2014-05-27 00:53,2014-05-27 16:13
740,740,2014-04-09 10:48,2014-04-09 17:29
741,741,2014-04-10 11:29,2014-04-11 03:20
742,742,2014-05-12 23:08,2014-05-13 06:33
743,743,2014-04-12 06:26,2014-04-12 18:36
744,744,2014-05-25 09:53,2014-05-26 02:39
745,745,2014-04-07 21:09,2014-04-08 06:19
746,746,2014-04-29 10:59,2014-04-29 23:54
747,747,2014-05-23 15:22,2014-05-24 10:11
748,748,2014-04-13 20:13,2014-04-14 04:34
749,749,2014-05-24 13:52,2014-05-25 01:36
750,750,2014-04-28 07:15,2014-04-29 01:56
751,751,2014-05-24 06:21,2014-05-24 19:08
752,752,2014-05-25 12:39,2014-05-25 19:08
753,753,2014-04-07 15:54,2014-04-07 23:12
754,754,2014-05-21 21:20,2014-05-22 13:11
755,755,2014-05-29 06:46,2014-05-29 15:25
756,756,2014-05-29 10:24,2014-05-30 04:40
757,757,2014-04-11 19:59,2014-04-12 15:29
758,758,2014-05-09 17:01,2014-05-10 06:21
759,759,2014-05-25 01:35,2014-05-25 19:06
760,760,2014-05-10 04:52,2014-05-10 11:14
761,761,2014-05-19 16:42,2014-05-19 15:33
762,762,2014-04-14 03:09,2014-04-14 08:52
763,763,2014-05-09 16:43,2014-05-10 06:52
764,764,2014-05-02 13:00,2014-05-03 06:01
765,765,2014-05-16 12:59,2014-05-16 14:20
766,766,2014-05-15 06:15,2014-05-15 11:12
767,767,2014-05-14 12:34,2014-05-14 23:35
768,768,2014-04-30 02:40,2014-04-30 14:20
769,769,2014-04-10 04:37,2014-04-10 14:30
770,770,2014-04-20 20:12,2014-04-21 03:46
771,771,2014-05-16 03:32,2014-05-16 06:38
772,772,2014-04-21 02:54,2014-04-21 12:47
773,773,2014-04-05 04:55,2014-04-05 15:21
774,774,2014-05-16 23:32,2014-05-17 13:12
775,775,2014-05-06 11:59,2014-05-06 14:43
776,776,2014-05-08 00:25,2014-05-08 12:48
777,777,2014-04-24 09:04,2014-04-24 20:36
778,778,2014-05-14 06:09,2014-05-14 08:54
779,779,2014-04-06 04:58,2014-04-06 10:22
780,780,2014-04-05 00:13,2014-04-05 18:18
781,781,2014-04-05 16:06,2014-04-05 20:16
782,782,2014-05-11 05:59,2014-05-11 13:30
783,783,2014-05-04 17:28,2014-05-05 06:48
784,784,2014-05-13 21:24,2014-05-14 15:23
785,785,2014-04-08 21:12,2014-04-08 22:22
786,786,2014-04-19 06:08,2014-04-19 06:47
787,787,2014-05-12 03:59,2014-05-12 14:42
788,788,2014-04-15 13:49,2014-04-16 02:59
789,789,2014-04-24 05:20,2014-04-24 18:24
790,790,2014-05-05 11:37,2014-05-05 20:40
791,791,2014-05-09 22:47,2014-05-10 03:47
792,792,2014-05-22 15:04,2014-05-23 04:32
793,793,2014-05-08 22:19,2014-05-09 12:06
794,794,2014-04-11 01:47,2014-04-11 04:42
795,795,2014-05-10 01:03,2014-05-10 18:59
796,796,2014-05-29 03:02,2014-05-29 15:28
797,797,2014-04-22 14:20,2014-04-23 07:37
798,798,2014-05-26 17:04,2014-05-27 10:47
799,799,2014-05-29 20:26,2014-05-30 11:20
800,800,2014-04-07 05:08,2014-04-07 17:18
801,801,2014-04-16 20:19,2014-04-17 11:00
802,802,2014-04-25 04:16,2014-04-25 20:23
803,803,2014-04-11 07:05,2014-04-11 16:20
804,804,2014-04-27 19:06,2014-04-27 22:04
805,805,2014-04-28 07:11,2014-04-28 23:37
806,806,2014-05-10 02:56,2014-05-10 04:25
807,807,2014-05-01 02:39,2014-05-01 17:09
808,808,2014-04-27 17:58,2014-04-28 06:42
809,809,2014-05-25 20:31,2014-05-26 01:48
810,810,2014-05-07 04:54,2014-05-07 05:34
811,811,2014-05-12 23:21,2014-05-13 00:20
812,812,2014-05-29 03:45,2014-05-29 19:57
813,813,2014-05-21 14:37,2014-05-22 00:27
814,814,2014-05-08 09:34,2014-05-08 15:46
815,815,2014-05-24 07:40,2014-05-24 13:33
816,816,2014-04-01 19:29,2014-04-02 00:58
817,817,2014-04-06 19:42,2014-04-07 11:25
818,818,2014-05-30 05:10,2014-05-30 21:50
819,819,2014-04-19 17:34,2014-04-19 18:53
820,820,2014-05-23 12:06,2014-05-24 08:16
821,821,2014-05-05 17:11,2014-05-06 08:46
822,822,2014-04-12 01:29,2014-04-12 16:39
823,823,2014-05-20 18:48,2014-05-20 22:40
824,824,2014-04-26 01:43,2014-04-26 06:38
825,825,2014-05-01 03:18,2014-05-01 04:43
826,826,2014-05-11 05:34,2014-05-12 00:29
827,827,2014-05-30 14:31,2014-05-31 00:14
828,828,2014-04-04 02:09,2014-04-04 15:45
829,829,2014-04-28 07:03,2014-04-28 19:51
830,830,2014-05-03 00:14,2014-05-03 17:21
831,831,2014-04-17 22:21,2014-04-18 14:20
832,832,2014-05-30 11:28,2014-05-30 16:30
833,833,2014-05-13 23:31,2014-05-14 06:27
834,834,2014-04-28 07:44,2014-04-28 12:42
835,835,2014-05-11 18:33,2014-05-11 23:55
836,836,2014-05-18 02:39,2014-05-18 16:36
837,837,2014-05-05 01:34,2014-05-05 10:34
838,838,2014-05-08 22:44,2014-05-09 08:34
839,839,2014-04-04 15:03,2014-04-05 01:26
840,840,2014-04-25 04:45,2014-04-25 08:56
841,841,2014-04-02 02:24,2014-04-02 11:07
842,842,2014-05-17 07:27,2014-05-17 17:19
843,843,2014-04-30 12:48,2014-04-30 14:49
844,844,2014-04-17 23:56,2014-04-18 09:12
845,845,2014-05-24 09:47,2014-05-24 15:22
846,846,2014-04-18 14:07,2014-04-19 06:27
847,847,2014-04-28 22:13,2014-04-29 04:10
848,848,2014-04-21 23:15,2014-04-22 10:00
849,849,2014-04-09 17:57,2014-04-10 09:05
850,850,2014-05-13 16:34,2014-05-14 08:59
851,851,2014-04-28 01:18,2014-04-28 05:41
852,852,2014-04-16 20:58,2014-04-17 02:04
853,853,2014-05-17 18:23,2014-05-18 03:30
854,854,2014-04-06 20:03,2014-04-07 04:35
855,855,2014-05-11 16:33,2014-05-11 23:01
856,856,2014-05-02 17:36,2014-05-03 08:25
857,857,2014-04-15 00:36,2014-04-15 09:29
858,858,2014-04-28 13:07,2014-04-28 23:47
859,859,2014-04-24 22:51,2014-04-25 02:53
860,860,2014-04-24 06:55,2014-04-24 12:21
861,861,2014-04-14 04:34,2014-04-14 19:52
862,862,2014-05-13 04:02,2014-05-13 22:13
863,863,2014-04-17 07:59,2014-04-17 07:10
864,864,2014-04-17 09:54,2014-04-17 12:06
865,865,2014-05-23 17:14,2014-05-24 07:31
866,866,2014-05-08 16:53,2014-05-08 16:03
867,867,2014-04-25 05:23,2014-04-25 18:26
868,868,2014-04-01 13:41,2014-04-01 14:56
869,869,2014-05-07 10:16,2014-05-07 12:43
870,870,2014-05-06 19:30,2014-05-07 01:39
871,871,2014-04-14 12:41,2014-04-15 03:20
872,872,2014-04-11 21:46,2014-04-11 21:35
873,873,2014-05-30 14:42,2014-05-30 23:01
874,874,2014-05-20 18:40,2014-05-20 20:22
875,875,2014-04-26 06:17,2014-04-26 17:16
876,876,2014-05-27 16:11,2014-05-28 03:19
877,877,2014-05-06 03:53,2014-05-06 06:51
878,878,2014-04-12 22:07,2014-04-13 18:06
879,879,2014-04-09 14:12,2014-04-10 00:00
880,880,2014-04-01 14:34,2014-04-01 21:43
881,881,2014-05-21 11:36,2014-05-21 15:15
882,882,2014-05-02 04:13,2014-05-02 19:01
883,883,2014-05-08 23:50,2014-05-09 09:21
884,884,2014-04-25 03:31,2014-04-25 08:45
885,885,2014-05-21 15:57,2014-05-22 00:27
886,886,2014-05-24 16:34,2014-05-24 22:51
887,887,2014-04-05 02:10,2014-04-05 06:55
888,888,2014-05-05 05:50,2014-05-05 08:53
889,889,2014-04-10 11:12,2014-04-10 16:45
890,890,2014-04-27 13:38,2014-04-27 14:37
891,891,2014-04-07 01:14,2014-04-07 11:31
892,892,2014-05-20 09:13,2014-05-20 12:37
893,893,2014-05-14 02:07,2014-05-14 09:03
894,894,2014-05-13 12:31,2014-05-13 16:54
895,895,2014-04-25 02:54,2014-04-25 19:51
896,896,2014-04-15 08:24,2014-04-15 20:04
897,897,2014-04-05 15:23,2014-04-06 08:07
898,898,2014-04-10 08:09,2014-04-10 23:43
899,899,2014-05-01 06:30,2014-05-01 14:18
900,900,2014-04-22 20:51,2014-04-23 08:24
901,901,2014-04-02 00:29,2014-04-02 05:48
902,902,2014-05-15 18:56,2014-05-15 21:33
903,903,2014-04-10 17:54,2014-04-11 09:29
904,904,2014-04-16 03:46,2014-04-16 03:32
905,905,2014-05-13 18:19,2014-05-14 09:25
906,906,2014-05-21 10:45,2014-05-22 00:08
907,907,2014-05-21 07:40,2014-05-21 08:38
908,908,2014-05-20 09:42,2014-05-20 12:56
909,909,2014-05-09 04:14,2014-05-09 19:02
910,910,2014-05-15 17:05,2014-05-15 19:31
911,911,2014-05-23 22:10,2014-05-24 08:59
912,912,2014-04-03 16:37,2014-04-03 17:04
913,913,2014-05-15 15:31,2014-05-16 08:36
914,914,2014-05-05 15:04,2014-05-05 22:44
915,915,2014-05-15 21:06,2014-05-16 14:24
916,916,2014-05-11 23:26,2014-05-12 00:14
917,917,2014-05-01 14:33,2014-05-02 07:08
918,918,2014-04-18 02:09,2014-04-18 04:03
919,919,2014-05-23 10:27,2014-05-24 02:36
920,920,2014-04-03 21:01,2014-04-04 00:37
921,921,2014-04-12 14:56,2014-04-12 23:50
922,922,2014-05-16 14:26,2014-05-16 23:53
923,923,2014-05-21 19:50,2014-05-22 13:50
924,924,2014-05-27 08:13,2014-05-28 04:27
925,925,2014-05-13 06:46,2014-05-13 18:38
926,926,2014-05-17 12:28,2014-05-17 18:40
927,927,2014-05-24 04:44,2014-05-24 19:18
928,928,2014-05-02 03:26,2014-05-02 20:33
929,929,2014-05-29 13:18,2014-05-29 22:22
930,930,2014-05-17 14:58,2014-05-17 19:39
931,931,2014-05-14 16:58,2014-05-14 23:41
932,932,2014-05-26 00:12,2014-05-26 13:10
933,933,2014-04-15 17:41,2014-04-16 07:23
934,934,2014-05-18 13:44,2014-05-19 05:07
935,935,2014-04-24 21:49,2014-04-25 15:31
936,936,2014-05-21 07:31,2014-05-21 12:42
937,937,2014-05-01 07:38,2014-05-01 11:15
938,938,2014-04-20 18:56,2014-04-20 22:10
939,939,2014-05-18 11:44,2014-05-19 01:25
940,940,2014-04-14 17:48,2014-04-15 03:37
941,941,2014-04-19 12:06,2014-04-20 03:52
942,942,2014-05-05 21:33,2014-05-06 02:19
943,943,2014-04-13 14:26,2014-04-13 19:44
944,944,2014-04-04 10:38,2014-04-05 00:55
945,945,2014-04-26 08:15,2014-04-26 20:38
946,946,2014-05-17 01:21,2014-05-17 14:19
947,947,2014-04-15 23:11,2014-04-16 01:54
948,948,2014-05-18 21:27,2014-05-19 10:11
949,949,2014-05-22 14:20,2014-05-22 23:59
950,950,2014-05-25 16:23,2014-05-26 08:46
951,951,2014-04-25 10:05,2014-04-26 00:55
952,952,2014-05-23 14:34,2014-05-24 05:56
953,953,2014-05-03 13:07,2014-05-03 14:05
954,954,2014-05-10 03:58,2014-05-10 16:27
955,955,2014-04-02 20:57,2014-04-03 09:01
956,956,2014-04-28 23:45,2014-04-29 09:28
957,957,2014-04-13 20:04,2014-04-14 02:41
958,958,2014-04-07 02:09,2014-04-07 03:08
959,959,2014-05-15 10:45,2014-05-15 18:47
960,960,2014-05-07 06:48,2014-05-07 20:52
961,961,2014-04-06 07:06,2014-04-06 13:41
962,962,2014-04-14 02:02,2014-04-14 09:26
963,963,2014-05-23 13:47,2014-05-24 03:41
964,964,2014-04-10 16:45,2014-04-10 21:52
965,965,2014-05-04 23:26,2014-05-05 01:20
966,966,2014-04-27 10:29,2014-04-28 01:11
967,967,2014-04-07 02:44,2014-04-07 08:33
968,968,2014-04-05 00:34,2014-04-05 16:50
969,969,2014-05-24 11:55,2014-05-24 20:53
970,970,2014-04-14 05:29,2014-04-14 07:36
971,971,2014-05-31 06:59,2014-05-31 21:47
972,972,2014-05-06 07:07,2014-05-06 20:55
973,973,2014-05-10 07:51,2014-05-10 15:50
974,974,2014-05-01 12:01,2014-05-01 21:43
975,975,2014-04-09 07:59,2014-04-09 20:18
976,976,2014-05-29 15:20,2014-05-29 17:24
977,977,2014-05-26 12:46,2014-05-26 17:11
978,978,2014-05-14 07:12,2014-05-15 02:19
979,979,2014-05-03 09:29,2014-05-03 18:28
980,980,2014-05-25 19:45,2014-05-26 02:49
981,981,2014-05-12 23:50,2014-05-13 04:22
982,982,2014-05-06 20:53,2014-05-07 00:47
983,983,2014-05-16 07:18,2014-05-16 08:11
984,984,2014-05-19 16:15,2014-05-20 05:51
985,985,2014-04-08 04:37,2014-04-08 15:37
986,986,2014-05-11 06:56,2014-05-11 18:24
987,987,2014-04-28 09:54,2014-04-28 19:44
988,988,2014-04-22 01:42,2014-04-22 03:08
989,989,2014-04-27 19:16,2014-04-28 09:01
990,990,2014-05-17 09:03,2014-05-17 16:32
991,991,2014-05-13 00:30,2014-05-13 08:17
992,992,2014-05-13 21:00,2014-05-14 11:37
993,993,2014-04-27 22:19,2014-04-28 05:55
994,994,2014-04-05 05:59,2014-04-05 05:28
995,995,2014-04-25 05:47,2014-04-25 21:57
996,996,2014-05-12 02:34,2014-05-12 02:36
997,997,2014-04-07 01:52,2014-04-07 12:44
998,998,2014-05-13 05:24,2014-05-13 13:49
999,999,2014-04-29 21:59,2014-04-30 15:29
1000,1000,2014-05-20 06:29,2014-05-20 19:22
1001,1001,2014-05-12 09:10,2014-05-12 15:21
1002,1002,2014-05-11 14:23,2014-05-11 16:34
1003,1003,2014-05-28 00:47,2014-05-28 09:12
1004,1004,2014-05-07 02:34,2014-05-07 11:32
1005,1005,2014-04-22 03:24,2014-04-22 09:31
1006,1006,2014-04-23 20:42,2014-04-24 13:21
1007,1007,2014-05-24 04:36,2014-05-24 21:35
1008,1008,2014-04-30 18:01,2014-05-01 03:37
1009,1009,2014-04-11 01:01,2014-04-11 02:16
1010,1010,2014-05-06 00:29,2014-05-06 13:28
1011,1011,2014-04-30 01:42,2014-04-30 17:03
1012,1012,2014-04-28 13:24,2014-04-28 17:36
1013,1013,2014-04-09 17:50,2014-04-09 21:32
1014,1014,2014-04-19 01:41,2014-04-19 13:11
1015,1015,2014-04-23 07:21,2014-04-23 15:30
1016,1016,2014-05-01 17:07,2014-05-02 00:03
1017,1017,2014-04-08 15:55,2014-04-08 22:45
1018,1018,2014-04-29 04:48,2014-04-29 12:32
1019,1019,2014-05-14 04:39,2014-05-14 12:40
1020,1020,2014-05-05 17:10,2014-05-06 07:26
1021,1021,2014-05-09 12:46,2014-05-10 08:17
1022,1022,2014-04-24 02:10,2014-04-24 10:05
1023,1023,2014-05-28 18:26,2014-05-29 11:30
1024,1024,2014-04-04 02:56,2014-04-04 08:44
1025,1025,2014-05-03 23:08,2014-05-04 14:39
1026,1026,2014-04-22 13:41,2014-04-23 02:17
1027,1027,2014-04-10 07:40,2014-04-10 18:32
1028,1028,2014-04-11 06:45,2014-04-11 21:30
1029,1029,2014-05-26 21:36,2014-05-27 15:18
1030,1030,2014-05-18 15:13,2014-05-19 11:17
1031,1031,2014-04-15 20:17,2014-04-16 08:23
1032,1032,2014-04-13 08:36,2014-04-13 13:55
1033,1033,2014-05-26 17:33,2014-05-27 06:39
1034,1034,2014-04-30 04:00,2014-04-30 18:24
1035,1035,2014-05-05 17:39,2014-05-05 20:52
1036,1036,2014-05-11 16:43,2014-05-12 03:58
1037,1037,2014-05-21 22:22,2014-05-22 13:10
1038,1038,2014-04-24 11:52,2014-04-24 10:47
1039,1039,2014-05-07 03:35,2014-05-07 04:25
1040,1040,2014-04-20 20:51,2014-04-21 04:17
1041,1041,2014-04-11 05:54,2014-04-11 14:37
1042,1042,2014-05-25 23:34,2014-05-26 09:50
1043,1043,2014-05-04 15:17,2014-05-04 21:14
1044,1044,2014-05-03 09:57,2014-05-03 20:12
1045,1045,2014-05-04 03:42,2014-05-04 13:23
1046,1046,2014-05-12 01:20,2014-05-12 17:23
1047,1047,2014-04-02 01:46,2014-04-02 05:39
1048,1048,2014-04-02 18:57,2014-04-03 01:51
1049,1049,2014-04-23 04:58,2014-04-23 12:52
1050,1050,2014-04-09 16:19,2014-04-10 05:26
1051,1051,2014-05-24 19:05,2014-05-25 03:28
1052,1052,2014-05-27 03:47,2014-05-27 09:46
1053,1053,2014-05-27 12:35,2014-05-28 05:16
1054,1054,2014-04-12 00:07,2014-04-12 06:32
1055,1055,2014-04-11 14:43,2014-04-11 23:58
1056,1056,2014-05-09 21:37,2014-05-10 07:43
1057,1057,2014-05-03 09:41,2014-05-03 20:30
1058,1058,2014-05-08 20:26,2014-05-08 22:00
1059,1059,2014-05-22 16:07,2014-05-23 01:18
1060,1060,2014-05-22 09:39,2014-05-22 15:20
1061,1061,2014-05-17 20:29,2014-05-18 02:24
1062,1062,2014-05-30 04:07,2014-05-30 15:17
1063,1063,2014-04-23 23:38,2014-04-24 07:36
1064,1064,2014-05-06 05:40,2014-05-06 20:49
1065,1065,2014-04-11 17:33,2014-04-12 01:49
1066,1066,2014-04-08 00:56,2014-04-08 20:04
1067,1067,2014-05-27 01:30,2014-05-27 05:06
1068,1068,2014-05-25 04:08,2014-05-25 17:33
1069,1069,2014-04-26 05:15,2014-04-26 15:40
1070,1070,2014-05-21 16:02,2014-05-22 02:41
1071,1071,2014-05-07 05:34,2014-05-07 20:56
1072,1072,2014-04-25 18:49,2014-04-26 01:51
1073,1073,2014-05-07 08:52,2014-05-07 12:45
1074,1074,2014-05-04 11:40,2014-05-04 20:48
1075,1075,2014-05-28 14:26,2014-05-29 02:43
1076,1076,2014-04-25 11:49,2014-04-25 18:35
1077,1077,2014-05-07 02:33,2014-05-07 20:26
1078,1078,2014-05-27 01:15,2014-05-27 14:31
1079,1079,2014-04-28 02:07,2014-04-28 12:53
1080,1080,2014-04-17 05:18,2014-04-17 13:59
1081,1081,2014-04-15 18:54,2014-04-16 10:40
1082,1082,2014-05-30 09:33,2014-05-30 14:47
1083,1083,2014-04-23 14:03,2014-04-23 17:57
1084,1084,2014-05-30 20:10,2014-05-31 05:12
1085,1085,2014-04-13 05:41,2014-04-14 00:32
1086,1086,2014-04-05 22:36,2014-04-05 22:14
1087,1087,2014-05-07 14:10,2014-05-07 20:03
1088,1088,2014-04-08 18:35,2014-04-09 04:20
1089,1089,2014-04-25 13:01,2014-04-26 01:00
1090,1090,2014-04-23 14:30,2014-04-24 05:12
1091,1091,2014-04-21 03:01,2014-04-21 03:47
1092,1092,2014-05-06 12:25,2014-05-07 04:25
1093,1093,2014-04-30 19:08,2014-05-01 11:00
1094,1094,2014-05-15 21:15,2014-05-16 12:08
1095,1095,2014-05-12 22:24,2014-05-13 01:39
1096,1096,2014-04-06 20:47,2014-04-06 23:37
1097,1097,2014-05-26 16:36,2014-05-26 23:18
1098,1098,2014-04-29 23:37,2014-04-30 12:39
1099,1099,2014-04-13 05:40,2014-04-13 19:29
1100,1100,2014-04-12 09:17,2014-04-12 18:05
1101,1101,2014-05-30 02:30,2014-05-30 10:19
1102,1102,2014-04-26 13:22,2014-04-26 16:47
1103,1103,2014-04-22 22:56,2014-04-23 02:26
1104,1104,2014-04-28 09:06,2014-04-29 01:56
1105,1105,2014-05-13 13:29,2014-05-14 03:48
1106,1106,2014-05-26 03:39,2014-05-26 12:45
1107,1107,2014-05-06 13:51,2014-05-07 00:09
1108,1108,2014-05-21 06:07,2014-05-21 14:50
1109,1109,2014-05-01 01:58,2014-05-01 12:40
1110,1110,2014-05-17 23:31,2014-05-18 04:50
1111,1111,2014-04-25 20:54,2014-04-25 23:43
1112,1112,2014-05-28 17:58,2014-05-28 21:44
1113,1113,2014-04-30 04:48,2014-04-30 18:54
1114,1114,2014-05-01 12:53,2014-05-01 22:03
1115,1115,2014-05-03 18:31,2014-05-04 01:34
1116,1116,2014-05-19 04:32,2014-05-19 19:56
1117,1117,2014-04-09 17:48,2014-04-10 02:17
1118,1118,2014-05-27 15:10,2014-05-27 18:08
1119,1119,2014-05-29 04:12,2014-05-29 14:51
1120,1120,2014-04-07 18:20,2014-04-07 18:47
1121,1121,2014-05-02 17:46,2014-05-02 23:50
1122,1122,2014-04-26 15:18,2014-04-26 21:54
1123,1123,2014-04-18 11:55,2014-04-18 21:36
1124,1124,2014-04-20 08:07,2014-04-20 12:34
1125,1125,2014-04-17 06:57,2014-04-17 09:14
1126,1126,2014-04-04 20:53,2014-04-05 05:59
1127,1127,2014-05-05 21:58,2014-05-06 04:33
1128,1128,2014-04-07 13:42,2014-04-07 21:49
1129,1129,2014-05-25 07:12,2014-05-25 13:48
1130,1130,2014-04-23 23:12,2014-04-24 08:53
1131,1131,2014-04-10 23:13,2014-04-11 11:19
1132,1132,2014-05-30 14:50,2014-05-30 21:42
1133,1133,2014-04-30 13:53,2014-04-30 17:07
1134,1134,2014-05-02 04:09,2014-05-02 15:12
1135,1135,2014-04-26 13:03,2014-04-26 18:06
1136,1136,2014-04-21 06:33,2014-04-21 18:40
1137,1137,2014-05-27 08:31,2014-05-27 19:20
1138,1138,2014-04-27 05:58,2014-04-27 18:38
1139,1139,2014-04-26 21:03,2014-04-27 03:55
1140,1140,2014-04-22 07:00,2014-04-22 21:32
1141,1141,2014-04-26 22:28,2014-04-26 22:33
1142,1142,2014-04-06 22:30,2014-04-07 09:30
1143,1143,2014-05-06 21:09,2014-05-07 15:17
1144,1144,2014-04-21 12:54,2014-04-22 01:41
1145,1145,2014-04-21 03:25,2014-04-21 18:39
1146,1146,2014-05-03 03:50,2014-05-03 09:56
1147,1147,2014-04-15 17:55,2014-04-16 07:33
1148,1148,2014-04-03 04:56,2014-04-03 08:02
1149,1149,2014-04-13 02:49,2014-04-13 17:08
1150,1150,2014-04-10 22:27,2014-04-10 22:53
1151,1151,2014-05-07 23:06,2014-05-08 15:56
1152,1152,2014-04-15 15:20,2014-04-15 18:08
1153,1153,2014-04-29 20:10,2014-04-30 00:29
1154,1154,2014-05-29 13:28,2014-05-29 23:31
1155,1155,2014-05-24 08:13,2014-05-24 16:16
1156,1156,2014-04-29 22:28,2014-04-30 00:59
1157,1157,2014-04-19 18:53,2014-04-20 05:58
1158,1158,2014-04-22 07:43,2014-04-22 14:08
1159,1159,2014-05-01 13:17,2014-05-02 07:28
1160,1160,2014-05-08 18:01,2014-05-09 00:16
1161,1161,2014-05-10 09:28,2014-05-10 23:53
1162,1162,2014-05-31 05:44,2014-05-31 12:03
1163,1163,2014-04-21 02:42,2014-04-21 13:36
1164,1164,2014-04-03 14:27,2014-04-03 15:36
1165,1165,2014-05-02 14:57,2014-05-02 18:29
1166,1166,2014-05-07 23:22,2014-05-08 10:22
1167,1167,2014-05-13 06:19,2014-05-13 08:43
1168,1168,2014-04-22 06:14,2014-04-22 18:58
1169,1169,2014-05-04 13:52,2014-05-05 02:39
1170,1170,2014-04-06 03:35,2014-04-06 21:04
1171,1171,2014-05-12 10:47,2014-05-12 15:17
1172,1172,2014-04-27 08:03,2014-04-27 20:42
1173,1173,2014-04-19 08:58,2014-04-19 17:40
1174,1174,2014-05-27 05:31,2014-05-27 13:46
1175,1175,2014-05-27 08:31,2014-05-28 00:05
1176,1176,2014-04-22 18:32,2014-04-23 10:00
1177,1177,2014-05-26 04:45,2014-05-26 16:30
1178,1178,2014-04-07 07:10,2014-04-08 00:13
1179,1179,2014-05-31 03:45,2014-05-31 15:53
1180,1180,2014-05-12 09:26,2014-05-12 22:14
1181,1181,2014-05-13 11:42,2014-05-13 18:08
1182,1182,2014-04-11 09:04,2014-04-11 22:07
1183,1183,2014-05-03 09:01,2014-05-03 20:07
1184,1184,2014-04-17 00:00,2014-04-17 20:26
1185,1185,2014-05-10 06:17,2014-05-10 11:49
1186,1186,2014-04-22 13:03,2014-04-23 06:47
1187,1187,2014-04-12 03:10,2014-04-12 18:13
1188,1188,2014-05-20 01:51,2014-05-20 09:30
1189,1189,2014-04-07 01:00,2014-04-07 15:53
1190,1190,2014-05-03 06:57,2014-05-03 16:14
1191,1191,2014-05-11 19:50,2014-05-11 23:57
1192,1192,2014-05-07 13:59,2014-05-08 04:05
1193,1193,2014-05-13 07:07,2014-05-13 10:11
1194,1194,2014-05-21 22:00,2014-05-22 07:03
1195,1195,2014-04-21 07:05,2014-04-21 23:07
1196,1196,2014-05-14 00:55,2014-05-14 17:30
1197,1197,2014-05-21 17:38,2014-05-22 12:02
1198,1198,2014-04-07 18:50,2014-04-07 22:20
1199,1199,2014-04-17 15:02,2014-04-17 21:23
1200,1200,2014-05-19 20:40,2014-05-19 21:55
1201,1201,2014-04-28 12:37,2014-04-29 05:16
1202,1202,2014-05-15 01:59,2014-05-15 09:21
1203,1203,2014-05-20 10:15,2014-05-20 12:44
1204,1204,2014-05-03 19:13,2014-05-03 20:13
1205,1205,2014-04-20 09:08,2014-04-20 12:47
1206,1206,2014-05-07 09:45,2014-05-08 03:24
1207,1207,2014-04-23 08:25,2014-04-24 01:54
1208,1208,2014-05-21 19:33,2014-05-22 00:00
1209,1209,2014-04-01 10:34,2014-04-01 16:02
1210,1210,2014-04-03 15:22,2014-04-04 02:11
1211,1211,2014-05-07 12:23,2014-05-08 03:08
1212,1212,2014-05-04 04:11,2014-05-04 05:39
1213,1213,2014-04-13 19:27,2014-04-14 07:57
1214,1214,2014-04-05 12:17,2014-04-06 01:03
1215,1215,2014-04-15 14:34,2014-04-15 14:59
1216,1216,2014-04-20 08:58,2014-04-20 14:50
1217,1217,2014-05-10 04:53,2014-05-10 12:05
1218,1218,2014-04-09 14:28,2014-04-09 22:49
1219,1219,2014-05-16 12:56,2014-05-16 22:08
1220,1220,2014-05-02 00:53,2014-05-02 03:22
1221,1221,2014-04-19 09:37,2014-04-20 02:40
1222,1222,2014-05-20 04:57,2014-05-20 12:27
1223,1223,2014-05-30 10:31,2014-05-30 17:23
1224,1224,2014-04-08 06:35,2014-04-08 21:56
1225,1225,2014-04-21 20:05,2014-04-22 05:59
1226,1226,2014-04-23 00:35,2014-04-23 11:48
1227,1227,2014-04-17 21:59,2014-04-18 11:27
1228,1228,2014-05-16 09:29,2014-05-16 23:09
1229,1229,2014-05-15 22:20,2014-05-16 04:28
1230,1230,2014-04-04 06:26,2014-04-04 11:26
1231,1231,2014-05-16 04:55,2014-05-16 09:57
1232,1232,2014-05-26 22:40,2014-05-27 03:26
1233,1233,2014-05-07 19:09,2014-05-08 09:06
1234,1234,2014-04-20 01:35,2014-04-20 04:01
1235,1235,2014-04-20 04:09,2014-04-20 15:28
1236,1236,2014-05-21 12:42,2014-05-21 16:56
1237,1237,2014-04-19 00:00,2014-04-19 09:01
1238,1238,2014-04-16 11:14,2014-04-16 13:12
1239,1239,2014-04-14 17:13,2014-04-15 10:19
1240,1240,2014-05-17 19:06,2014-05-18 10:19
1241,1241,2014-04-11 13:51,2014-04-11 20:24
1242,1242,2014-05-25 14:11,2014-05-26 05:59
1243,1243,2014-04-01 15:07,2014-04-02 03:34
1244,1244,2014-04-04 13:08,2014-04-04 18:49
1245,1245,2014-04-03 11:56,2014-04-03 19:54
1246,1246,2014-05-21 08:46,2014-05-21 14:22
1247,1247,2014-05-06 13:03,2014-05-06 15:07
1248,1248,2014-05-03 14:06,2014-05-03 23:08
1249,1249,2014-05-07 04:17,2014-05-07 07:03
1250,1250,2014-04-22 15:21,2014-04-23 09:57
1251,1251,2014-05-31 05:36,2014-05-31 18:52
1252,1252,2014-05-10 17:57,2014-05-11 03:27
1253,1253,2014-05-09 12:11,2014-05-09 15:23
1254,1254,2014-05-13 01:49,2014-05-13 06:31
1255,1255,2014-05-26 10:43,2014-05-26 20:49
1256,1256,2014-05-29 03:59,2014-05-29 12:52
1257,1257,2014-04-19 15:36,2014-04-20 05:15
1258,1258,2014-05-25 07:27,2014-05-25 12:39
1259,1259,2014-05-24 04:06,2014-05-24 04:20
1260,1260,2014-04-18 04:30,2014-04-18 09:40
1261,1261,2014-05-18 13:28,2014-05-18 23:59
1262,1262,2014-05-18 08:29,2014-05-18 23:42
1263,1263,2014-05-13 05:50,2014-05-13 23:31
1264,1264,2014-05-23 10:49,2014-05-23 15:44
1265,1265,2014-05-03 04:27,2014-05-03 15:20
1266,1266,2014-04-01 20:52,2014-04-02 03:51
1267,1267,2014-04-09 15:10,2014-04-10 04:30
1268,1268,2014-04-19 08:02,2014-04-19 12:20
1269,1269,2014-04-02 01:28,2014-04-02 01:00
1270,1270,2014-05-03 09:06,2014-05-04 01:34
1271,1271,2014-05-24 23:58,2014-05-25 10:46
1272,1272,2014-04-24 15:21,2014-04-25 06:08
1273,1273,2014-05-31 05:20,2014-05-31 19:29
1274,1274,2014-05-05 11:34,2014-05-06 02:10
1275,1275,2014-05-23 17:24,2014-05-24 10:23
1276,1276,2014-04-19 12:16,2014-04-19 18:06
1277,1277,2014-05-02 04:13,2014-05-02 14:37
1278,1278,2014-05-05 05:03,2014-05-05 18:10
1279,1279,2014-05-21 10:23,2014-05-22 03:34
1280,1280,2014-05-30 07:27,2014-05-30 07:50
1281,1281,2014-05-23 00:28,2014-05-23 06:00
1282,1282,2014-05-29 17:42,2014-05-30 01:41
1283,1283,2014-04-25 18:13,2014-04-25 19:43
1284,1284,2014-05-25 12:18,2014-05-25 16:33
1285,1285,2014-04-18 00:12,2014-04-18 07:38
1286,1286,2014-05-17 03:38,2014-05-17 14:39
1287,1287,2014-05-17 14:46,2014-05-17 19:59
1288,1288,2014-05-09 17:28,2014-05-10 09:26
1289,1289,2014-04-17 23:09,2014-04-18 09:16
1290,1290,2014-04-22 02:13,2014-04-22 19:53
1291,1291,2014-05-08 15:34,2014-05-08 23:40
1292,1292,2014-05-25 23:41,2014-05-26 11:15
1293,1293,2014-05-07 08:57,2014-05-07 16:44
1294,1294,2014-05-13 00:37,2014-05-13 05:30
1295,1295,2014-05-23 17:34,2014-05-24 10:59
1296,1296,2014-04-04 22:59,2014-04-05 01:51
1297,1297,2014-05-17 10:12,2014-05-17 10:45
1298,1298,2014-04-23 12:25,2014-04-23 12:59
1299,1299,2014-05-10 16:46,2014-05-10 20:15
1300,1300,2014-05-20 09:41,2014-05-20 21:37
1301,1301,2014-05-13 01:05,2014-05-13 13:24
1302,1302,2014-04-30 10:36,2014-04-30 20:50
1303,1303,2014-05-10 03:35,2014-05-10 15:09
1304,1304,2014-04-22 02:30,2014-04-22 09:46
1305,1305,2014-04-06 10:52,2014-04-06 19:28
1306,1306,2014-04-14 13:50,2014-04-15 02:43
1307,1307,2014-05-24 12:52,2014-05-24 15:44
1308,1308,2014-04-15 13:25,2014-04-15 21:09
1309,1309,2014-04-17 22:48,2014-04-18 04:12
1310,1310,2014-04-30 12:52,2014-04-30 19:53
1311,1311,2014-04-06 21:02,2014-04-06 23:57
1312,1312,2014-05-06 13:13,2014-05-07 00:44
1313,1313,2014-04-18 22:05,2014-04-19 05:53
1314,1314,2014-05-06 16:41,2014-05-07 03:11
1315,1315,2014-04-30 14:41,2014-04-30 22:26
1316,1316,2014-04-06 07:45,2014-04-06 18:51
1317,1317,2014-04-27 08:24,2014-04-27 09:25
1318,1318,2014-04-30 19:48,2014-05-01 12:03
1319,1319,2014-04-07 16:36,2014-04-08 03:52
1320,1320,2014-04-06 23:40,2014-04-07 02:26
1321,1321,2014-04-05 06:36,2014-04-05 19:32
1322,1322,2014-05-13 07:51,2014-05-13 17:06
1323,1323,2014-04-15 02:23,2014-04-15 02:32
1324,1324,2014-04-18 15:42,2014-04-18 20:08
1325,1325,2014-05-25 03:52,2014-05-25 13:36
1326,1326,2014-05-14 11:21,2014-05-14 22:55
1327,1327,2014-05-10 11:23,2014-05-11 00:05
1328,1328,2014-05-03 00:34,2014-05-03 05:52
1329,1329,2014-05-05 01:25,2014-05-05 08:54
1330,1330,2014-04-25 12:33,2014-04-25 17:26
1331,1331,2014-05-11 00:01,2014-05-11 09:23
1332,1332,2014-04-01 13:56,2014-04-02 05:04
1333,1333,2014-05-07 04:42,2014-05-07 11:11
1334,1334,2014-05-24 14:26,2014-05-24 19:15
1335,1335,2014-05-29 14:09,2014-05-30 06:18
1336,1336,2014-04-15 01:34,2014-04-15 11:55
1337,1337,2014-04-08 23:09,2014-04-09 10:14
1338,1338,2014-05-13 18:14,2014-05-14 10:25
1339,1339,2014-04-18 07:01,2014-04-18 10:37
1340,1340,2014-05-11 12:24,2014-05-11 18:37
1341,1341,2014-04-14 01:53,2014-04-14 08:33
1342,1342,2014-05-28 05:24,2014-05-28 18:06
1343,1343,2014-04-26 03:28,2014-04-26 20:27
1344,1344,2014-05-24 15:41,2014-05-25 10:51
1345,1345,2014-05-14 09:55,2014-05-14 16:36
1346,1346,2014-04-12 12:22,2014-04-13 06:10
1347,1347,2014-04-28 06:12,2014-04-28 07:52
1348,1348,2014-05-13 10:07,2014-05-13 16:41
1349,1349,2014-05-12 05:35,2014-05-13 01:00
1350,1350,2014-04-14 01:21,2014-04-14 03:14
1351,1351,2014-04-02 02:06,2014-04-02 10:37
1352,1352,2014-04-20 13:55,2014-04-21 08:40
1353,1353,2014-04-08 13:29,2014-04-09 06:45
1354,1354,2014-05-31 03:00,2014-05-31 14:08
1355,1355,2014-04-24 05:42,2014-04-24 20:39
1356,1356,2014-05-07 08:20,2014-05-07 12:21
1357,1357,2014-05-14 15:09,2014-05-15 01:28
1358,1358,2014-04-17 01:20,2014-04-17 16:19
1359,1359,2014-04-30 17:20,2014-05-01 07:45
1360,1360,2014-05-23 00:34,2014-05-23 12:38
1361,1361,2014-04-06 02:47,2014-04-06 19:16
1362,1362,2014-04-14 18:09,2014-04-15 07:59
1363,1363,2014-05-24 13:19,2014-05-24 17:31
1364,1364,2014-04-04 15:28,2014-04-05 03:14
1365,1365,2014-05-01 01:35,2014-05-01 02:15
1366,1366,2014-05-27 00:47,2014-05-27 12:24
1367,1367,2014-05-30 21:20,2014-05-30 22:38
1368,1368,2014-05-26 16:14,2014-05-27 10:24
1369,1369,2014-05-11 06:54,2014-05-11 15:12
1370,1370,2014-04-07 08:21,2014-04-07 14:57
1371,1371,2014-05-25 08:42,2014-05-26 00:09
1372,1372,2014-04-04 17:17,2014-04-05 05:55
1373,1373,2014-04-07 04:05,2014-04-07 18:30
1374,1374,2014-04-29 23:56,2014-04-30 15:39
1375,1375,2014-04-30 15:46,2014-05-01 06:16
1376,1376,2014-04-24 01:42,2014-04-24 03:43
1377,1377,2014-04-18 20:16,2014-04-18 18:56
1378,1378,2014-04-16 20:30,2014-04-17 06:42
1379,1379,2014-05-05 19:12,2014-05-06 00:51
1380,1380,2014-04-23 17:35,2014-04-24 00:57
1381,1381,2014-05-10 09:48,2014-05-10 23:41
1382,1382,2014-05-10 00:00,2014-05-10 08:46
1383,1383,2014-05-16 12:49,2014-05-16 22:43
1384,1384,2014-05-03 17:56,2014-05-04 07:30
1385,1385,2014-04-12 09:08,2014-04-12 15:47
1386,1386,2014-04-23 20:35,2014-04-24 02:19
1387,1387,2014-05-20 15:41,2014-05-21 08:32
1388,1388,2014-05-12 01:27,2014-05-12 13:22
1389,1389,2014-05-15 06:04,2014-05-16 00:54
1390,1390,2014-05-29 06:26,2014-05-29 20:23
1391,1391,2014-05-24 16:43,2014-05-25 04:38
1392,1392,2014-05-08 02:44,2014-05-08 03:15
1393,1393,2014-04-18 01:50,2014-04-18 14:24
1394,1394,2014-04-10 09:48,2014-04-11 01:44
1395,1395,2014-04-05 18:02,2014-04-06 06:04
1396,1396,2014-05-28 13:54,2014-05-28 21:48
1397,1397,2014-04-20 16:01,2014-04-21 01:11
1398,1398,2014-04-09 11:00,2014-04-09 18:24
1399,1399,2014-05-06 06:31,2014-05-06 15:01
1400,1400,2014-05-23 00:30,2014-05-23 00:31
1401,1401,2014-05-05 10:38,2014-05-05 18:41
1402,1402,2014-04-01 18:06,2014-04-02 10:20
1403,1403,2014-04-13 09:49,2014-04-13 18:26
1404,1404,2014-05-14 02:34,2014-05-14 14:23
1405,1405,2014-04-25 08:14,2014-04-26 00:03
1406,1406,2014-05-28 22:38,2014-05-29 03:24
1407,1407,2014-05-28 07:30,2014-05-28 20:37
1408,1408,2014-05-25 07:39,2014-05-25 13:34
1409,1409,2014-05-06 14:42,2014-05-06 20:46
1410,1410,2014-04-17 02:16,2014-04-17 07:48
1411,1411,2014-05-20 08:15,2014-05-20 09:24
1412,1412,2014-05-01 00:00,2014-05-01 06:15
1413,1413,2014-05-16 22:49,2014-05-17 16:14
1414,1414,2014-05-01 09:38,2014-05-01 19:48
1415,1415,2014-05-28 20:50,2014-05-29 10:20
1416,1416,2014-04-08 18:53,2014-04-09 05:32
1417,1417,2014-05-06 02:07,2014-05-06 05:33
1418,1418,2014-05-26 02:58,2014-05-26 14:22
1419,1419,2014-04-17 04:16,2014-04-17 23:58
1420,1420,2014-05-05 14:31,2014-05-06 05:41
1421,1421,2014-05-06 15:08,2014-05-06 23:31
1422,1422,2014-05-19 01:48,2014-05-19 14:39
1423,1423,2014-04-11 10:22,2014-04-11 20:58
1424,1424,2014-04-22 18:16,2014-04-23 02:37
1425,1425,2014-05-07 00:31,2014-05-07 15:19
1426,1426,2014-04-18 19:46,2014-04-18 19:12
1427,1427,2014-04-28 06:33,2014-04-28 21:11
1428,1428,2014-05-16 22:52,2014-05-17 08:00
1429,1429,2014-04-03 12:12,2014-04-03 19:13
1430,1430,2014-05-18 03:04,2014-05-18 16:00
1431,1431,2014-05-02 09:38,2014-05-02 21:51
1432,1432,2014-04-25 16:21,2014-04-25 19:34
1433,1433,2014-05-06 07:38,2014-05-07 00:42
1434,1434,2014-04-15 07:43,2014-04-15 17:31
1435,1435,2014-04-25 03:29,2014-04-25 13:22
1436,1436,2014-05-26 12:17,2014-05-27 03:03
1437,1437,2014-05-17 11:23,2014-05-17 16:35
1438,1438,2014-05-23 16:58,2014-05-23 20:57
1439,1439,2014-05-24 06:02,2014-05-24 08:59
1440,1440,2014-05-13 19:34,2014-05-14 07:41
1441,1441,2014-05-02 19:35,2014-05-03 10:37
1442,1442,2014-04-26 18:57,2014-04-27 12:08
1443,1443,2014-05-10 14:28,2014-05-10 21:51
1444,1444,2014-05-20 01:10,2014-05-20 18:27
1445,1445,2014-05-07 22:55,2014-05-08 11:03
1446,1446,2014-05-19 23:16,2014-05-20 01:31
1447,1447,2014-04-09 05:18,2014-04-09 11:45
1448,1448,2014-04-22 22:09,2014-04-23 04:58
1449,1449,2014-05-21 08:16,2014-05-22 00:50
1450,1450,2014-05-08 13:52,2014-05-09 02:48
1451,1451,2014-04-14 13:32,2014-04-15 04:37
1452,1452,2014-05-25 02:21,2014-05-25 13:20
1453,1453,2014-04-30 11:48,2014-04-30 16:16
1454,1454,2014-05-02 00:39,2014-05-02 18:06
1455,1455,2014-04-27 17:48,2014-04-28 06:13
1456,1456,2014-05-17 23:20,2014-05-18 12:17
1457,1457,2014-05-24 12:21,2014-05-25 05:08
1458,1458,2014-05-09 15:52,2014-05-10 05:09
1459,1459,2014-05-14 20:54,2014-05-15 07:56
1460,1460,2014-04-08 14:09,2014-04-08 16:39
1461,1461,2014-05-06 17:03,2014-05-07 02:26
1462,1462,2014-04-03 14:27,2014-04-04 05:40
1463,1463,2014-05-31 07:24,2014-05-31 17:10
1464,1464,2014-04-04 14:00,2014-04-05 06:01
1465,1465,2014-05-25 00:27,2014-05-25 15:03
1466,1466,2014-05-17 17:42,2014-05-18 11:24
1467,1467,2014-04-24 09:21,2014-04-24 14:38
1468,1468,2014-04-11 14:03,2014-04-12 00:11
1469,1469,2014-05-22 16:28,2014-05-22 20:10
1470,1470,2014-05-07 21:58,2014-05-08 01:16
1471,1471,2014-04-06 05:06,2014-04-06 21:14
1472,1472,2014-05-24 12:42,2014-05-24 20:37
1473,1473,2014-05-19 23:18,2014-05-20 05:23
1474,1474,2014-05-14 10:43,2014-05-14 19:04
1475,1475,2014-04-18 20:17,2014-04-18 23:15
1476,1476,2014-05-29 07:42,2014-05-29 16:34
1477,1477,2014-05-02 10:48,2014-05-03 02:14
1478,1478,2014-04-18 16:11,2014-04-19 08:18
1479,1479,2014-05-01 09:36,2014-05-01 12:30
1480,1480,2014-05-05 16:41,2014-05-06 11:25
1481,1481,2014-04-30 14:21,2014-04-30 19:34
1482,1482,2014-05-01 20:24,2014-05-02 07:32
1483,1483,2014-05-23 23:47,2014-05-24 13:09
1484,1484,2014-04-06 02:09,2014-04-06 16:03
1485,1485,2014-05-31 09:27,2014-05-31 22:55
1486,1486,2014-04-05 01:10,2014-04-05 08:27
1487,1487,2014-04-11 01:53,2014-04-11 01:55
1488,1488,2014-04-08 22:22,2014-04-09 17:31
1489,1489,2014-04-22 03:03,2014-04-22 07:13
1490,1490,2014-04-17 22:29,2014-04-18 13:59
1491,1491,2014-05-22 17:47,2014-05-23 07:52
1492,1492,2014-05-26 12:50,2014-05-27 03:24
1493,1493,2014-04-26 17:50,2014-04-27 02:32
1494,1494,2014-05-12 12:48,2014-05-12 19:35
1495,1495,2014-05-01 17:46,2014-05-02 06:36
1496,1496,2014-04-18 04:32,2014-04-18 15:42
1497,1497,2014-05-05 15:52,2014-05-05 19:42
1498,1498,2014-05-03 04:33,2014-05-03 16:35
1499,1499,2014-05-29 02:59,2014-05-29 18:29
1500,1500,2014-05-06 18:24,2014-05-07 11:15
1501,1501,2014-04-02 09:40,2014-04-02 09:57
1502,1502,2014-05-20 09:41,2014-05-20 10:56
1503,1503,2014-04-24 22:25,2014-04-25 12:42
1504,1504,2014-04-17 21:01,2014-04-18 06:39
1505,1505,2014-04-24 15:41,2014-04-24 21:33
1506,1506,2014-05-12 04:55,2014-05-12 22:50
1507,1507,2014-04-05 03:19,2014-04-05 16:31
1508,1508,2014-05-22 19:22,2014-05-23 04:18
1509,1509,2014-05-01 22:27,2014-05-02 14:33
1510,1510,2014-05-16 02:51,2014-05-16 10:21
1511,1511,2014-05-26 02:13,2014-05-26 19:52
1512,1512,2014-04-22 21:28,2014-04-23 03:44
1513,1513,2014-04-08 14:43,2014-04-09 06:35
1514,1514,2014-04-27 04:26,2014-04-27 05:59
1515,1515,2014-05-24 19:12,2014-05-25 02:18
1516,1516,2014-05-29 11:09,2014-05-30 01:55
1517,1517,2014-05-01 20:51,2014-05-02 10:49
1518,1518,2014-05-23 14:36,2014-05-24 04:55
1519,1519,2014-05-06 23:28,2014-05-07 03:03
1520,1520,2014-04-27 09:57,2014-04-27 22:06
1521,1521,2014-04-27 15:53,2014-04-27 17:23
1522,1522,2014-05-24 08:42,2014-05-24 11:15
1523,1523,2014-05-08 07:15,2014-05-08 17:59
1524,1524,2014-05-19 02:48,2014-05-19 15:35
1525,1525,2014-05-20 02:35,2014-05-20 02:10
1526,1526,2014-05-30 23:29,2014-05-31 10:56
1527,1527,2014-05-01 05:50,2014-05-01 20:10
1528,1528,2014-04-14 20:25,2014-04-15 14:07
1529,1529,2014-04-06 14:11,2014-04-07 06:40
1530,1530,2014-05-10 07:12,2014-05-10 11:26
1531,1531,2014-04-26 12:49,2014-04-27 07:45
1532,1532,2014-05-12 21:41,2014-05-13 00:22
1533,1533,2014-04-23 13:31,2014-04-24 00:23
1534,1534,2014-05-02 00:20,2014-05-02 03:43
1535,1535,2014-04-16 14:20,2014-04-16 22:50
1536,1536,2014-04-26 03:30,2014-04-26 06:12
1537,1537,2014-04-23 17:08,2014-04-23 23:30
1538,1538,2014-05-02 17:03,2014-05-02 19:20
1539,1539,2014-04-18 19:47,2014-04-19 03:10
1540,1540,2014-04-17 15:36,2014-04-18 08:08
1541,1541,2014-04-06 00:29,2014-04-06 07:58
1542,1542,2014-04-29 09:02,2014-04-29 20:35
1543,1543,2014-04-29 06:00,2014-04-29 14:34
1544,1544,2014-05-10 00:33,2014-05-10 05:37
1545,1545,2014-05-16 03:20,2014-05-16 21:04
1546,1546,2014-05-24 09:08,2014-05-24 13:59
1547,1547,2014-05-29 12:58,2014-05-30 06:50
1548,1548,2014-05-29 07:55,2014-05-29 13:33
1549,1549,2014-04-14 00:55,2014-04-14 13:36
1550,1550,2014-05-08 10:54,2014-05-08 23:05
1551,1551,2014-04-09 16:54,2014-04-09 21:12
1552,1552,2014-05-03 13:40,2014-05-03 17:25
1553,1553,2014-04-05 19:46,2014-04-06 00:19
1554,1554,2014-04-08 22:18,2014-04-09 12:52
1555,1555,2014-05-11 13:27,2014-05-12 02:08
1556,1556,2014-05-29 22:53,2014-05-30 03:15
1557,1557,2014-04-10 08:39,2014-04-10 12:56
1558,1558,2014-05-07 21:09,2014-05-08 03:08
1559,1559,2014-04-04 12:42,2014-04-04 11:25
1560,1560,2014-04-14 06:34,2014-04-14 18:17
1561,1561,2014-05-06 23:32,2014-05-07 04:11
1562,1562,2014-04-25 22:14,2014-04-26 02:16
1563,1563,2014-05-15 18:50,2014-05-15 22:18
1564,1564,2014-05-17 05:00,2014-05-17 16:19
1565,1565,2014-05-31 08:52,2014-05-31 22:52
1566,1566,2014-05-10 14:59,2014-05-10 23:57
1567,1567,2014-05-25 23:22,2014-05-26 09:38
1568,1568,2014-05-29 23:22,2014-05-30 07:54
1569,1569,2014-04-15 20:26,2014-04-15 21:39
1570,1570,2014-04-14 03:45,2014-04-14 11:04
1571,1571,2014-05-09 00:06,2014-05-09 17:39
1572,1572,2014-04-16 07:14,2014-04-16 21:51
1573,1573,2014-04-08 23:27,2014-04-09 13:51
1574,1574,2014-04-03 04:37,2014-04-03 08:46
1575,1575,2014-05-25 03:41,2014-05-25 06:12
1576,1576,2014-04-26 19:35,2014-04-27 10:25
1577,1577,2014-04-22 08:32,2014-04-22 18:07
1578,1578,2014-04-19 21:02,2014-04-19 22:33
1579,1579,2014-05-01 20:18,2014-05-01 22:56
1580,1580,2014-05-21 17:10,2014-05-22 06:18
1581,1581,2014-04-25 01:16,2014-04-25 05:59
1582,1582,2014-05-02 10:59,2014-05-02 13:35
1583,1583,2014-05-18 13:47,2014-05-18 20:00
1584,1584,2014-05-09 09:31,2014-05-09 18:19
1585,1585,2014-05-24 03:32,2014-05-24 06:31
1586,1586,2014-04-08 15:00,2014-04-08 19:14
1587,1587,2014-04-19 21:43,2014-04-20 13:31
1588,1588,2014-04-02 16:41,2014-04-02 22:37
1589,1589,2014-05-18 18:36,2014-05-19 13:12
1590,1590,2014-05-25 22:28,2014-05-26 05:03
1591,1591,2014-04-12 05:24,2014-04-12 17:53
1592,1592,2014-04-21 03:12,2014-04-21 13:49
1593,1593,2014-04-17 22:18,2014-04-18 10:53
1594,1594,2014-04-08 10:35,2014-04-08 22:19
1595,1595,2014-04-08 19:38,2014-04-09 05:43
1596,1596,2014-04-02 02:57,2014-04-02 10:48
1597,1597,2014-04-08 00:49,2014-04-08 20:02
1598,1598,2014-04-29 16:49,2014-04-30 00:53
1599,1599,2014-05-12 05:03,2014-05-12 16:58
1600,1600,2014-05-06 06:43,2014-05-06 22:03
1601,1601,2014-05-29 12:55,2014-05-29 17:16
1602,1602,2014-04-13 22:57,2014-04-14 00:28
1603,1603,2014-05-08 15:48,2014-05-09 01:41
1604,1604,2014-05-29 21:01,2014-05-30 08:15
1605,1605,2014-05-28 17:38,2014-05-29 01:45
1606,1606,2014-04-27 00:16,2014-04-27 11:27
1607,1607,2014-05-02 17:34,2014-05-02 23:20
1608,1608,2014-04-26 14:01,2014-04-27 02:03
1609,1609,2014-05-21 05:00,2014-05-21 15:39
1610,1610,2014-05-27 22:13,2014-05-28 15:53
1611,1611,2014-05-02 23:24,2014-05-03 08:10
1612,1612,2014-04-24 06:10,2014-04-24 20:02
1613,1613,2014-05-22 01:12,2014-05-22 13:51
1614,1614,2014-05-30 12:04,2014-05-30 18:05
1615,1615,2014-04-26 04:39,2014-04-26 15:55
1616,1616,2014-05-16 04:31,2014-05-16 22:18
1617,1617,2014-05-29 15:04,2014-05-29 19:50
1618,1618,2014-04-08 22:51,2014-04-09 00:02
1619,1619,2014-05-13 03:38,2014-05-13 05:40
1620,1620,2014-05-27 02:47,2014-05-27 05:55
1621,1621,2014-05-17 16:58,2014-05-17 19:26
1622,1622,2014-04-14 21:53,2014-04-15 08:31
1623,1623,2014-05-14 08:15,2014-05-14 17:32
1624,1624,2014-05-22 10:30,2014-05-22 21:09
1625,1625,2014-04-23 00:05,2014-04-23 12:41
1626,1626,2014-05-14 07:06,2014-05-15 00:35
1627,1627,2014-05-12 00:58,2014-05-12 10:34
1628,1628,2014-05-09 09:08,2014-05-10 00:57
1629,1629,2014-05-03 14:25,2014-05-04 06:54
1630,1630,2014-04-03 22:17,2014-04-04 15:19
1631,1631,2014-04-02 22:22,2014-04-03 07:52
1632,1632,2014-04-06 21:41,2014-04-07 12:20
1633,1633,2014-05-17 03:14,2014-05-17 12:35
1634,1634,2014-05-17 02:58,2014-05-17 20:17
1635,1635,2014-05-05 22:18,2014-05-06 16:24
1636,1636,2014-05-09 18:59,2014-05-10 08:39
1637,1637,2014-05-16 11:57,2014-05-16 11:46
1638,1638,2014-04-11 17:10,2014-04-11 22:48
1639,1639,2014-05-23 02:38,2014-05-23 17:05
1640,1640,2014-04-06 11:37,2014-04-06 17:57
1641,1641,2014-04-02 14:19,2014-04-03 03:09
1642,1642,2014-04-11 16:54,2014-04-12 03:22
1643,1643,2014-04-26 11:07,2014-04-26 19:22
1644,1644,2014-04-02 01:09,2014-04-02 02:49
1645,1645,2014-04-11 18:57,2014-04-11 20:53
1646,1646,2014-05-08 08:55,2014-05-08 18:26
1647,1647,2014-05-22 03:10,2014-05-22 14:14
1648,1648,2014-05-29 05:39,2014-05-29 15:10
1649,1649,2014-04-09 20:03,2014-04-10 07:10
1650,1650,2014-04-06 15:24,2014-04-07 04:24
1651,1651,2014-04-22 01:31,2014-04-22 17:58
1652,1652,2014-05-18 02:48,2014-05-18 16:04
1653,1653,2014-05-16 08:23,2014-05-16 12:03
1654,1654,2014-05-01 07:06,2014-05-01 19:13
1655,1655,2014-04-05 09:12,2014-04-05 12:43
1656,1656,2014-04-27 03:27,2014-04-27 13:57
1657,1657,2014-04-02 20:58,2014-04-03 05:47
1658,1658,2014-04-03 23:28,2014-04-04 06:17
1659,1659,2014-04-22 05:12,2014-04-22 11:58
1660,1660,2014-04-07 20:23,2014-04-08 07:32
1661,1661,2014-05-22 19:34,2014-05-22 23:42
1662,1662,2014-05-24 05:15,2014-05-24 22:04
1663,1663,2014-05-30 20:11,2014-05-31 13:54
1664,1664,2014-05-31 05:48,2014-05-31 12:59
1665,1665,2014-05-29 01:22,2014-05-29 15:29
1666,1666,2014-04-18 11:50,2014-04-18 17:33
1667,1667,2014-05-30 08:59,2014-05-30 22:21
1668,1668,2014-04-24 09:02,2014-04-25 02:28
1669,1669,2014-04-12 23:52,2014-04-13 04:15
1670,1670,2014-05-22 16:15,2014-05-23 07:10
1671,1671,2014-05-28 22:01,2014-05-29 04:32
1672,1672,2014-04-23 21:04,2014-04-24 12:01
1673,1673,2014-05-06 04:38,2014-05-06 11:30
1674,1674,2014-05-14 22:35,2014-05-15 09:56
1675,1675,2014-04-12 10:22,2014-04-12 12:10
1676,1676,2014-04-17 23:54,2014-04-18 13:08
1677,1677,2014-04-03 17:26,2014-04-04 03:43
1678,1678,2014-04-18 16:14,2014-04-19 05:26
1679,1679,2014-04-09 07:43,2014-04-09 12:34
1680,1680,2014-05-24 14:59,2014-05-25 03:27
1681,1681,2014-05-21 23:49,2014-05-22 01:45
1682,1682,2014-05-22 14:15,2014-05-23 07:49
1683,1683,2014-04-29 06:29,2014-04-29 06:02
1684,1684,2014-04-30 01:31,2014-04-30 05:15
1685,1685,2014-05-04 02:33,2014-05-04 05:25
1686,1686,2014-05-14 00:40,2014-05-14 11:01
1687,1687,2014-04-12 14:20,2014-04-12 18:11
1688,1688,2014-04-15 10:00,2014-04-15 20:22
1689,1689,2014-04-02 12:43,2014-04-02 23:17
1690,1690,2014-05-25 06:56,2014-05-25 10:14
1691,1691,2014-04-20 09:26,2014-04-21 02:54
1692,1692,2014-05-24 17:26,2014-05-24 19:06
1693,1693,2014-05-17 10:28,2014-05-17 21:36
1694,1694,2014-04-01 10:01,2014-04-01 19:57
1695,1695,2014-05-04 21:18,2014-05-05 09:24
1696,1696,2014-04-23 12:38,2014-04-24 03:22
1697,1697,2014-05-02 08:12,2014-05-02 18:43
1698,1698,2014-04-18 18:47,2014-04-18 20:43
1699,1699,2014-04-22 17:19,2014-04-23 06:44
1700,1700,2014-04-14 05:49,2014-04-14 13:40
1701,1701,2014-05-25 21:37,2014-05-26 08:08
1702,1702,2014-04-20 17:21,2014-04-21 02:31
1703,1703,2014-05-07 05:30,2014-05-07 15:25
1704,1704,2014-04-28 14:37,2014-04-29 01:49
1705,1705,2014-04-16 15:35,2014-04-16 18:36
1706,1706,2014-05-10 19:33,2014-05-11 12:25
1707,1707,2014-05-18 06:49,2014-05-18 22:08
1708,1708,2014-05-02 10:36,2014-05-03 01:41
1709,1709,2014-05-21 07:08,2014-05-21 23:34
1710,1710,2014-05-16 19:16,2014-05-16 23:21
1711,1711,2014-04-11 20:20,2014-04-12 11:17
1712,1712,2014-05-05 16:35,2014-05-05 16:22
1713,1713,2014-04-16 19:33,2014-04-17 08:07
1714,1714,2014-05-28 06:14,2014-05-28 18:39
1715,1715,2014-05-13 19:39,2014-05-14 07:04
1716,1716,2014-04-21 22:35,2014-04-22 09:55
1717,1717,2014-04-27 18:23,2014-04-28 01:16
1718,1718,2014-05-02 15:34,2014-05-03 06:44
1719,1719,2014-04-11 02:15,2014-04-11 18:03
1720,1720,2014-04-24 19:10,2014-04-25 08:19
1721,1721,2014-04-13 16:35,2014-04-14 02:37
1722,1722,2014-05-27 21:39,2014-05-28 12:43
1723,1723,2014-04-16 04:17,2014-04-16 06:24
1724,1724,2014-04-08 23:47,2014-04-09 02:04
1725,1725,2014-05-08 06:01,2014-05-08 15:20
1726,1726,2014-04-19 02:42,2014-04-19 09:03
1727,1727,2014-04-30 16:22,2014-04-30 22:31
1728,1728,2014-05-14 17:30,2014-05-14 22:44
1729,1729,2014-04-14 17:52,2014-04-15 07:10
1730,1730,2014-05-28 17:01,2014-05-28 17:08
1731,1731,2014-05-06 01:42,2014-05-06 08:31
1732,1732,2014-05-10 23:49,2014-05-11 13:49
1733,1733,2014-04-25 08:22,2014-04-25 14:05
1734,1734,2014-04-21 21:39,2014-04-21 22:39
1735,1735,2014-04-26 04:02,2014-04-26 21:33
1736,1736,2014-04-14 16:16,2014-04-15 00:47
1737,1737,2014-04-04 10:51,2014-04-04 22:54
1738,1738,2014-05-10 07:00,2014-05-10 09:34
1739,1739,2014-04-16 12:51,2014-04-16 22:39
1740,1740,2014-04-21 21:02,2014-04-22 00:12
1741,1741,2014-05-04 08:47,2014-05-04 15:01
1742,1742,2014-05-23 10:10,2014-05-23 12:54
1743,1743,2014-04-19 14:41,2014-04-19 21:40
1744,1744,2014-05-22 22:14,2014-05-23 06:30
1745,1745,2014-04-04 18:28,2014-04-05 03:46
1746,1746,2014-05-27 01:24,2014-05-27 01:47
1747,1747,2014-05-03 12:04,2014-05-03 10:31
1748,1748,2014-05-28 12:23,2014-05-28 20:12
1749,1749,2014-05-31 09:19,2014-05-31 19:53
1750,1750,2014-04-13 11:59,2014-04-13 16:22
1751,1751,2014-04-26 06:19,2014-04-26 19:33
1752,1752,2014-05-01 14:25,2014-05-02 06:13
1753,1753,2014-05-30 22:25,2014-05-31 03:55
1754,1754,2014-04-17 06:23,2014-04-17 11:14
1755,1755,2014-04-08 18:01,2014-04-09 01:49
1756,1756,2014-05-17 22:16,2014-05-18 14:51
1757,1757,2014-05-24 09:43,2014-05-24 23:22
1758,1758,2014-04-19 00:14,2014-04-19 03:37
1759,1759,2014-04-27 09:41,2014-04-27 18:12
1760,1760,2014-05-26 01:34,2014-05-26 13:36
1761,1761,2014-05-24 22:26,2014-05-25 13:28
1762,1762,2014-04-28 23:53,2014-04-29 15:52
1763,1763,2014-04-18 05:02,2014-04-18 20:08
1764,1764,2014-04-23 20:41,2014-04-24 10:17
1765,1765,2014-04-04 04:40,2014-04-04 09:44
1766,1766,2014-04-09 06:03,2014-04-09 10:57
1767,1767,2014-04-17 22:28,2014-04-18 07:47
1768,1768,2014-04-26 07:10,2014-04-26 07:34
1769,1769,2014-05-04 19:48,2014-05-05 05:26
1770,1770,2014-04-05 06:55,2014-04-05 14:21
1771,1771,2014-04-30 11:53,2014-04-30 18:28
1772,1772,2014-05-01 15:15,2014-05-02 03:31
1773,1773,2014-05-30 06:39,2014-05-30 21:32
1774,1774,2014-05-30 18:46,2014-05-30 18:34
1775,1775,2014-04-06 22:13,2014-04-07 07:21
1776,1776,2014-04-17 17:50,2014-04-17 22:52
1777,1777,2014-04-29 10:14,2014-04-30 03:11
1778,1778,2014-05-20 16:41,2014-05-21 09:31
1779,1779,2014-04-30 17:31,2014-05-01 11:25
1780,1780,2014-04-20 00:25,2014-04-20 07:03
1781,1781,2014-04-05 00:11,2014-04-05 02:43
1782,1782,2014-04-28 08:31,2014-04-28 09:35
1783,1783,2014-04-14 09:25,2014-04-15 01:57
1784,1784,2014-05-07 01:43,2014-05-07 03:06
1785,1785,2014-04-11 22:28,2014-04-12 13:55
1786,1786,2014-05-24 08:16,2014-05-24 19:44
1787,1787,2014-05-12 09:59,2014-05-13 00:21
1788,1788,2014-04-21 12:21,2014-04-21 16:46
1789,1789,2014-05-07 08:58,2014-05-07 13:35
1790,1790,2014-04-10 14:07,2014-04-10 22:22
1791,1791,2014-05-28 12:26,2014-05-28 16:43
1792,1792,2014-05-08 14:44,2014-05-09 06:27
1793,1793,2014-04-25 13:50,2014-04-26 03:51
1794,1794,2014-05-07 23:39,2014-05-07 23:49
1795,1795,2014-05-26 11:59,2014-05-27 05:15
1796,1796,2014-05-21 17:18,2014-05-21 22:46
1797,1797,2014-05-18 17:00,2014-05-19 07:45
1798,1798,2014-05-18 06:44,2014-05-18 14:53
1799,1799,2014-05-05 04:46,2014-05-05 15:10
1800,1800,2014-04-30 09:45,2014-04-30 13:56
1801,1801,2014-04-29 00:39,2014-04-29 01:12
1802,1802,2014-05-25 18:55,2014-05-26 01:59
1803,1803,2014-04-30 02:44,2014-04-30 17:22
1804,1804,2014-05-30 03:10,2014-05-30 16:25
1805,1805,2014-04-22 06:06,2014-04-22 11:53
1806,1806,2014-04-15 08:58,2014-04-15 19:44
1807,1807,2014-04-19 06:40,2014-04-19 12:35
1808,1808,2014-04-19 13:07,2014-04-19 19:10
1809,1809,2014-04-30 04:31,2014-04-30 18:40
1810,1810,2014-05-09 00:45,2014-05-09 10:27
1811,1811,2014-05-24 03:27,2014-05-24 13:21
1812,1812,2014-04-17 03:33,2014-04-17 17:17
1813,1813,2014-04-12 07:41,2014-04-12 20:48
1814,1814,2014-05-21 18:10,2014-05-21 22:43
1815,1815,2014-04-23 01:58,2014-04-23 02:57
1816,1816,2014-04-04 11:16,2014-04-04 21:59
1817,1817,2014-04-29 15:57,2014-04-30 05:34
1818,1818,2014-04-07 06:43,2014-04-07 08:12
1819,1819,2014-04-16 20:54,2014-04-17 09:12
1820,1820,2014-05-22 05:01,2014-05-22 11:08
1821,1821,2014-05-27 23:49,2014-05-28 14:52
1822,1822,2014-05-19 18:53,2014-05-19 21:00
1823,1823,2014-05-02 08:52,2014-05-02 20:38
1824,1824,2014-05-08 14:02,2014-05-09 00:40
1825,1825,2014-04-18 22:31,2014-04-19 15:20
1826,1826,2014-04-01 18:44,2014-04-02 15:16
1827,1827,2014-04-03 14:13,2014-04-03 19:58
1828,1828,2014-04-05 17:17,2014-04-06 03:27
1829,1829,2014-05-19 15:35,2014-05-20 03:01
1830,1830,2014-04-26 09:39,2014-04-26 12:24
1831,1831,2014-04-28 04:47,2014-04-28 05:53
1832,1832,2014-05-04 16:50,2014-05-04 18:07
1833,1833,2014-05-07 22:10,2014-05-08 07:13
1834,1834,2014-05-05 16:20,2014-05-06 01:31
1835,1835,2014-05-29 10:35,2014-05-29 21:24
1836,1836,2014-05-26 12:16,2014-05-27 08:39
1837,1837,2014-04-08 12:52,2014-04-08 13:22
1838,1838,2014-04-14 20:04,2014-04-15 16:46
1839,1839,2014-04-26 18:21,2014-04-26 22:13
1840,1840,2014-05-19 15:26,2014-05-20 04:09
1841,1841,2014-05-24 05:41,2014-05-24 19:48
1842,1842,2014-04-11 06:16,2014-04-11 12:14
1843,1843,2014-05-11 07:46,2014-05-11 23:54
1844,1844,2014-05-27 09:04,2014-05-27 10:20
1845,1845,2014-05-06 09:44,2014-05-07 02:02
1846,1846,2014-05-10 23:31,2014-05-11 07:35
1847,1847,2014-04-13 23:55,2014-04-14 10:29
1848,1848,2014-05-12 22:21,2014-05-13 00:10
1849,1849,2014-05-21 03:57,2014-05-21 10:24
1850,1850,2014-05-07 11:26,2014-05-07 14:30
1851,1851,2014-04-04 12:06,2014-04-04 11:49
1852,1852,2014-05-01 02:13,2014-05-01 16:19
1853,1853,2014-04-25 15:07,2014-04-26 08:33
1854,1854,2014-04-17 09:58,2014-04-18 00:15
1855,1855,2014-05-29 07:10,2014-05-29 16:59
1856,1856,2014-04-14 14:15,2014-04-14 21:45
1857,1857,2014-04-03 16:12,2014-04-04 02:57
1858,1858,2014-04-13 05:39,2014-04-13 13:54
1859,1859,2014-04-03 11:41,2014-04-03 18:05
1860,1860,2014-05-01 14:24,2014-05-02 04:55
1861,1861,2014-04-19 13:27,2014-04-20 06:10
1862,1862,2014-05-07 20:36,2014-05-08 14:45
1863,1863,2014-05-08 01:59,2014-05-08 20:34
1864,1864,2014-04-11 18:03,2014-04-12 06:57
1865,1865,2014-05-21 17:00,2014-05-21 19:07
1866,1866,2014-05-20 00:45,2014-05-20 07:48
1867,1867,2014-05-22 01:36,2014-05-22 12:26
1868,1868,2014-05-01 00:39,2014-05-01 09:07
1869,1869,2014-05-17 08:21,2014-05-18 00:13
1870,1870,2014-04-04 14:05,2014-04-04 16:34
1871,1871,2014-05-29 22:54,2014-05-30 05:25
1872,1872,2014-05-07 04:34,2014-05-07 09:02
1873,1873,2014-05-03 22:57,2014-05-04 07:46
1874,1874,2014-04-30 16:45,2014-05-01 02:11
1875,1875,2014-04-21 17:24,2014-04-21 19:56
1876,1876,2014-05-29 06:30,2014-05-29 16:56
1877,1877,2014-04-16 09:31,2014-04-16 14:49
1878,1878,2014-05-21 11:30,2014-05-21 14:35
1879,1879,2014-04-02 02:56,2014-04-02 18:50
1880,1880,2014-05-16 20:28,2014-05-17 10:15
1881,1881,2014-04-21 03:22,2014-04-21 08:23
1882,1882,2014-04-25 12:23,2014-04-25 11:14
1883,1883,2014-05-27 22:32,2014-05-28 15:49
1884,1884,2014-05-17 08:00,2014-05-17 19:44
1885,1885,2014-04-03 05:47,2014-04-03 20:48
1886,1886,2014-05-01 15:45,2014-05-01 22:55
1887,1887,2014-05-30 08:57,2014-05-30 16:38
1888,1888,2014-04-14 11:13,2014-04-15 00:21
1889,1889,2014-05-12 20:25,2014-05-13 05:25
1890,1890,2014-05-21 20:36,2014-05-21 21:33
1891,1891,2014-04-28 19:24,2014-04-29 12:17
1892,1892,2014-05-12 21:21,2014-05-13 14:51
1893,1893,2014-05-22 22:34,2014-05-23 05:16
1894,1894,2014-05-21 06:52,2014-05-21 17:44
1895,1895,2014-04-28 02:36,2014-04-28 15:10
1896,1896,2014-04-26 09:18,2014-04-27 00:35
1897,1897,2014-05-01 19:21,2014-05-02 02:25
1898,1898,2014-04-27 12:44,2014-04-28 03:16
1899,1899,2014-04-01 10:47,2014-04-02 02:32
1900,1900,2014-04-27 22:22,2014-04-28 00:23
1901,1901,2014-05-19 21:06,2014-05-20 04:38
1902,1902,2014-04-04 05:34,2014-04-05 00:19
1903,1903,2014-05-07 13:27,2014-05-08 00:40
1904,1904,2014-04-27 02:31,2014-04-27 16:18
1905,1905,2014-05-29 13:21,2014-05-29 19:15
1906,1906,2014-04-23 17:01,2014-04-23 22:40
1907,1907,2014-04-11 21:16,2014-04-12 14:22
1908,1908,2014-04-19 10:29,2014-04-19 20:08
1909,1909,2014-04-28 17:53,2014-04-29 01:35
1910,1910,2014-04-02 04:37,2014-04-02 06:34
1911,1911,2014-05-24 08:16,2014-05-24 18:19
1912,1912,2014-04-24 02:33,2014-04-24 15:39
1913,1913,2014-04-09 02:54,2014-04-09 11:14
1914,1914,2014-05-13 02:48,2014-05-13 15:22
1915,1915,2014-04-14 14:57,2014-04-15 09:48
1916,1916,2014-05-20 02:36,2014-05-20 10:33
1917,1917,2014-04-23 07:07,2014-04-23 19:22
1918,1918,2014-05-13 05:20,2014-05-13 18:26
1919,1919,2014-04-10 18:40,2014-04-11 12:35
1920,1920,2014-05-28 08:44,2014-05-28 09:11
1921,1921,2014-04-23 13:00,2014-04-24 00:24
1922,1922,2014-04-09 13:44,2014-04-09 16:56
1923,1923,2014-04-12 08:18,2014-04-12 21:25
1924,1924,2014-04-16 08:49,2014-04-16 14:29
1925,1925,2014-04-25 10:53,2014-04-26 05:21
1926,1926,2014-04-14 09:00,2014-04-14 12:43
1927,1927,2014-05-24 05:46,2014-05-24 22:28
1928,1928,2014-04-09 08:54,2014-04-09 21:41
1929,1929,2014-05-17 12:50,2014-05-17 21:56
1930,1930,2014-05-20 05:39,2014-05-20 16:21
1931,1931,2014-04-02 00:26,2014-04-02 04:36
1932,1932,2014-04-29 00:38,2014-04-29 03:44
1933,1933,2014-04-23 00:08,2014-04-23 02:30
1934,1934,2014-05-01 21:06,2014-05-02 02:58
1935,1935,2014-04-18 18:26,2014-04-19 07:23
1936,1936,2014-04-07 18:05,2014-04-08 05:30
1937,1937,2014-05-30 05:38,2014-05-30 16:04
1938,1938,2014-04-23 03:03,2014-04-23 21:09
1939,1939,2014-04-23 10:05,2014-04-23 16:23
1940,1940,2014-05-27 03:05,2014-05-27 16:01
1941,1941,2014-05-23 19:46,2014-05-24 14:05
1942,1942,2014-05-27 06:42,2014-05-28 01:34
1943,1943,2014-05-17 22:11,2014-05-18 01:48
1944,1944,2014-04-09 17:15,2014-04-09 20:35
1945,1945,2014-05-07 13:18,2014-05-08 00:19
1946,1946,2014-04-23 15:25,2014-04-23 19:58
1947,1947,2014-05-07 08:26,2014-05-08 01:44
1948,1948,2014-05-09 00:58,2014-05-09 07:40
1949,1949,2014-05-07 12:29,2014-05-07 15:06
1950,1950,2014-05-21 03:35,2014-05-21 20:03
1951,1951,2014-04-21 21:54,2014-04-22 03:35
1952,1952,2014-04-10 20:43,2014-04-11 04:53
1953,1953,2014-04-19 05:18,2014-04-19 05:42
1954,1954,2014-04-21 10:13,2014-04-21 12:44
1955,1955,2014-04-17 08:29,2014-04-17 23:35
1956,1956,2014-05-28 09:00,2014-05-28 23:49
1957,1957,2014-05-02 05:36,2014-05-02 18:37
1958,1958,2014-05-20 10:51,2014-05-20 20:45
1959,1959,2014-04-26 01:35,2014-04-26 06:20
1960,1960,2014-04-12 01:00,2014-04-12 13:32
1961,1961,2014-04-19 13:38,2014-04-19 21:30
1962,1962,2014-05-23 18:03,2014-05-24 02:16
1963,1963,2014-04-08 21:11,2014-04-09 07:44
1964,1964,2014-04-18 13:35,2014-04-18 19:39
1965,1965,2014-04-19 11:21,2014-04-20 01:55
1966,1966,2014-04-20 01:30,2014-04-20 20:42
1967,1967,2014-05-12 22:26,2014-05-13 14:21
1968,1968,2014-05-14 23:47,2014-05-15 10:38
1969,1969,2014-05-18 05:13,2014-05-18 17:24
1970,1970,2014-04-04 23:33,2014-04-05 02:17
1971,1971,2014-04-07 12:43,2014-04-08 01:49
1972,1972,2014-04-30 17:58,2014-04-30 21:40
1973,1973,2014-05-05 09:26,2014-05-05 20:40
1974,1974,2014-05-07 10:50,2014-05-07 23:04
1975,1975,2014-04-28 05:11,2014-04-28 11:27
1976,1976,2014-04-10 14:07,2014-04-11 05:04
1977,1977,2014-05-16 22:48,2014-05-16 22:30
1978,1978,2014-05-29 17:31,2014-05-30 11:03
1979,1979,2014-04-06 15:56,2014-04-06 20:11
1980,1980,2014-05-23 02:18,2014-05-23 11:17
1981,1981,2014-04-17 02:08,2014-04-17 10:12
1982,1982,2014-05-31 05:53,2014-05-31 19:14
1983,1983,2014-05-05 06:50,2014-05-05 09:05
1984,1984,2014-04-30 10:40,2014-05-01 03:37
1985,1985,2014-04-22 02:29,2014-04-22 07:29
1986,1986,2014-05-01 06:43,2014-05-01 09:50
1987,1987,2014-04-15 04:23,2014-04-15 19:08
1988,1988,2014-04-23 14:04,2014-04-23 16:11
1989,1989,2014-05-13 08:18,2014-05-13 08:21
1990,1990,2014-04-18 05:32,2014-04-18 10:47
1991,1991,2014-04-09 15:07,2014-04-09 21:24
1992,1992,2014-04-25 18:53,2014-04-26 04:59
1993,1993,2014-04-09 21:53,2014-04-09 21:59
1994,1994,2014-05-10 16:26,2014-05-10 18:37
1995,1995,2014-05-24 06:23,2014-05-24 16:19
1996,1996,2014-04-04 00:06,2014-04-04 01:18
1997,1997,2014-04-08 08:13,2014-04-08 12:34
1998,1998,2014-04-27 14:18,2014-04-28 07:48
1999,1999,2014-05-17 14:03,2014-05-17 23:43
